date	time	source_timestamp	Alabama	Alaska	Arizona	Arkansas	American Samoa	California	Colorado	Connecticut	Delaware	District of Columbia	Florida	Georgia	Guam	Hawaii	Idaho	Illinois	Indiana	Iowa	Kansas	Kentucky	Louisiana	Maine	Maryland	Massachusetts	Michigan	Minnesota	Mississippi	Missouri	Montana	Nebraska	Nevada	New Hampshire	New Jersey	New Mexico	New York	North Carolina	North Dakota	Northern Mariana Islands	Ohio	Oklahoma	Oregon	Pennsylvania	Puerto Rico	Rhode Island	South Carolina	South Dakota	Tennessee	Texas	US Virgin Islands	Utah	Vermont	Virginia	Washington	West Virginia	Wisconsin	Wyoming
2020-03-28	00:00:00	NA	531-NA-NA	69-NA-NA	508-NA-NA	349-NA-NA	0-NA-NA	3777-NA-NA	1430-NA-NA	1012-NA-NA	143-NA-NA	0-NA-NA	2352-NA-NA	1714-NA-NA	47-NA-NA	86-NA-NA	189-NA-NA	2538-NA-NA	645-NA-NA	179-NA-NA	168-NA-NA	248-NA-NA	2305-NA-NA	155-NA-NA	774-NA-NA	2417-NA-NA	2856-NA-NA	399-NA-NA	579-NA-NA	502-NA-NA	90-NA-NA	73-NA-NA	535-NA-NA	158-NA-NA	6876-NA-NA	136-NA-NA	38977-NA-NA	764-NA-NA	58-NA-NA	0-NA-NA	867-NA-NA	248-NA-NA	316-NA-NA	1688-NA-NA	64-NA-NA	188-NA-NA	456-NA-NA	46-NA-NA	957-NA-NA	1396-NA-NA	0-NA-NA	402-NA-NA	156-NA-NA	604-NA-NA	3207-NA-NA	76-NA-NA	707-NA-NA	55-NA-NA
2020-03-28	00:00:00	NA	531-NA-NA	69-NA-NA	508-NA-NA	349-NA-NA	0-NA-NA	3777-NA-NA	1430-NA-NA	1012-NA-NA	143-NA-NA	0-NA-NA	2352-NA-NA	1714-NA-NA	47-NA-NA	86-NA-NA	189-NA-NA	2538-NA-NA	645-NA-NA	179-NA-NA	168-NA-NA	248-NA-NA	2305-NA-NA	155-NA-NA	774-NA-NA	2417-NA-NA	2856-NA-NA	399-NA-NA	579-NA-NA	502-NA-NA	90-NA-NA	73-NA-NA	535-NA-NA	158-NA-NA	6876-NA-NA	136-NA-NA	38977-NA-NA	764-NA-NA	58-NA-NA	0-NA-NA	867-NA-NA	248-NA-NA	316-NA-NA	1688-NA-NA	64-NA-NA	188-NA-NA	456-NA-NA	46-NA-NA	957-NA-NA	1396-NA-NA	0-NA-NA	402-NA-NA	156-NA-NA	604-NA-NA	3207-NA-NA	76-NA-NA	707-NA-NA	55-NA-NA
2020-03-28	00:00:00	NA	531-NA-NA	69-NA-NA	508-NA-NA	349-NA-NA	0-NA-NA	3777-NA-NA	1430-NA-NA	1012-NA-NA	143-NA-NA	0-NA-NA	2352-NA-NA	1714-NA-NA	47-NA-NA	86-NA-NA	189-NA-NA	2538-NA-NA	645-NA-NA	179-NA-NA	168-NA-NA	248-NA-NA	2305-NA-NA	155-NA-NA	774-NA-NA	2417-NA-NA	2856-NA-NA	399-NA-NA	579-NA-NA	502-NA-NA	90-NA-NA	73-NA-NA	535-NA-NA	158-NA-NA	6876-NA-NA	136-NA-NA	38977-NA-NA	764-NA-NA	58-NA-NA	0-NA-NA	867-NA-NA	248-NA-NA	316-NA-NA	1688-NA-NA	64-NA-NA	188-NA-NA	456-NA-NA	46-NA-NA	957-NA-NA	1396-NA-NA	0-NA-NA	402-NA-NA	156-NA-NA	604-NA-NA	3207-NA-NA	76-NA-NA	707-NA-NA	55-NA-NA
2020-03-29	19:26:33	NA	531-NA-NA	69-NA-NA	508-NA-NA	349-NA-NA	0-NA-NA	3777-NA-NA	1430-NA-NA	1012-NA-NA	143-NA-NA	0-NA-NA	2352-NA-NA	1714-NA-NA	47-NA-NA	86-NA-NA	189-NA-NA	2538-NA-NA	645-NA-NA	179-NA-NA	168-NA-NA	248-NA-NA	2305-NA-NA	155-NA-NA	774-NA-NA	2417-NA-NA	2856-NA-NA	399-NA-NA	579-NA-NA	502-NA-NA	90-NA-NA	73-NA-NA	535-NA-NA	158-NA-NA	6876-NA-NA	136-NA-NA	38977-NA-NA	764-NA-NA	58-NA-NA	0-NA-NA	867-NA-NA	248-NA-NA	316-NA-NA	1688-NA-NA	64-NA-NA	188-NA-NA	456-NA-NA	46-NA-NA	957-NA-NA	1396-NA-NA	0-NA-NA	402-NA-NA	156-NA-NA	604-NA-NA	3207-NA-NA	76-NA-NA	707-NA-NA	55-NA-NA
2020-03-30	17:35:25	2020-03-30 00:00:00	830-NA-NA	114-NA-NA	919-NA-NA	443-NA-NA	0-NA-NA	5739-NA-NA	2307-NA-NA	1993-NA-NA	232-NA-NA	0-NA-NA	4768-NA-NA	2703-NA-NA	58-NA-NA	141-NA-NA	310-NA-NA	4596-NA-NA	1514-NA-NA	336-NA-NA	319-NA-NA	439-NA-NA	3540-NA-NA	253-NA-NA	1239-NA-NA	4955-NA-NA	5486-NA-NA	576-NA-NA	847-NA-NA	903-NA-NA	173-NA-NA	120-NA-NA	920-NA-NA	258-NA-NA	13386-NA-NA	237-NA-NA	59219-NA-NA	1307-NA-NA	98-NA-NA	0-NA-NA	1653-NA-NA	481-NA-NA	548-NA-NA	3394-NA-NA	127-NA-NA	294-NA-NA	774-NA-NA	90-NA-NA	1537-NA-NA	2552-NA-NA	0-NA-NA	789-NA-NA	235-NA-NA	1020-NA-NA	4506-NA-NA	124-NA-NA	989-NA-NA	87-NA-NA

2020-03-30	18:05:27	2020-03-30 00:00:00	830-NA-NA	114-NA-NA	919-NA-NA	443-NA-NA	0-NA-NA	5739-NA-NA	2307-NA-NA	1993-NA-NA	232-NA-NA	0-NA-NA	4768-NA-NA	2703-NA-NA	58-NA-NA	141-NA-NA	310-NA-NA	4596-NA-NA	1514-NA-NA	336-NA-NA	319-NA-NA	439-NA-NA	3540-NA-NA	253-NA-NA	1239-NA-NA	4955-NA-NA	5486-NA-NA	576-NA-NA	847-NA-NA	903-NA-NA	173-NA-NA	120-NA-NA	920-NA-NA	258-NA-NA	13386-NA-NA	237-NA-NA	59219-NA-NA	1307-NA-NA	98-NA-NA	0-NA-NA	1653-NA-NA	481-NA-NA	548-NA-NA	3394-NA-NA	127-NA-NA	294-NA-NA	774-NA-NA	90-NA-NA	1537-NA-NA	2552-NA-NA	0-NA-NA	789-NA-NA	235-NA-NA	1020-NA-NA	4506-NA-NA	124-NA-NA	989-NA-NA	87-NA-NA
2020-03-30	18:12:29	2020-03-30 00:00:00	830-NA-NA	114-NA-NA	919-NA-NA	443-NA-NA	0-NA-NA	5739-NA-NA	2307-NA-NA	1993-NA-NA	232-NA-NA	0-NA-NA	4768-NA-NA	2703-NA-NA	58-NA-NA	141-NA-NA	310-NA-NA	4596-NA-NA	1514-NA-NA	336-NA-NA	319-NA-NA	439-NA-NA	3540-NA-NA	253-NA-NA	1239-NA-NA	4955-NA-NA	5486-NA-NA	576-NA-NA	847-NA-NA	903-NA-NA	173-NA-NA	120-NA-NA	920-NA-NA	258-NA-NA	13386-NA-NA	237-NA-NA	59219-NA-NA	1307-NA-NA	98-NA-NA	0-NA-NA	1653-NA-NA	481-NA-NA	548-NA-NA	3394-NA-NA	127-NA-NA	294-NA-NA	774-NA-NA	90-NA-NA	1537-NA-NA	2552-NA-NA	0-NA-NA	789-NA-NA	235-NA-NA	1020-NA-NA	4506-NA-NA	124-NA-NA	989-NA-NA	87-NA-NA
2020-03-30	18:18:13	2020-03-30 00:00:00	830-NA-NA	114-NA-NA	919-NA-NA	443-NA-NA	0-NA-NA	5739-NA-NA	2307-NA-NA	1993-NA-NA	232-NA-NA	0-NA-NA	4768-NA-NA	2703-NA-NA	58-NA-NA	141-NA-NA	310-NA-NA	4596-NA-NA	1514-NA-NA	336-NA-NA	319-NA-NA	439-NA-NA	3540-NA-NA	253-NA-NA	1239-NA-NA	4955-NA-NA	5486-NA-NA	576-NA-NA	847-NA-NA	903-NA-NA	173-NA-NA	120-NA-NA	920-NA-NA	258-NA-NA	13386-NA-NA	237-NA-NA	59219-NA-NA	1307-NA-NA	98-NA-NA	0-NA-NA	1653-NA-NA	481-NA-NA	548-NA-NA	3394-NA-NA	127-NA-NA	294-NA-NA	774-NA-NA	90-NA-NA	1537-NA-NA	2552-NA-NA	0-NA-NA	789-NA-NA	235-NA-NA	1020-NA-NA	4506-NA-NA	124-NA-NA	989-NA-NA	87-NA-NA
2020-03-30	18:26:50	2020-03-30 00:00:00	830-NA-NA	114-NA-NA	919-NA-NA	443-NA-NA	0-NA-NA	5739-NA-NA	2307-NA-NA	1993-NA-NA	232-NA-NA	0-NA-NA	4768-NA-NA	2703-NA-NA	58-NA-NA	141-NA-NA	310-NA-NA	4596-NA-NA	1514-NA-NA	336-NA-NA	319-NA-NA	439-NA-NA	3540-NA-NA	253-NA-NA	1239-NA-NA	4955-NA-NA	5486-NA-NA	576-NA-NA	847-NA-NA	903-NA-NA	173-NA-NA	120-NA-NA	920-NA-NA	258-NA-NA	13386-NA-NA	237-NA-NA	59219-NA-NA	1307-NA-NA	98-NA-NA	0-NA-NA	1653-NA-NA	481-NA-NA	548-NA-NA	3394-NA-NA	127-NA-NA	294-NA-NA	774-NA-NA	90-NA-NA	1537-NA-NA	2552-NA-NA	0-NA-NA	789-NA-NA	235-NA-NA	1020-NA-NA	4506-NA-NA	124-NA-NA	989-NA-NA	87-NA-NA
2020-03-30	18:30:56	2020-03-30 00:00:00	830-NA-NA	114-NA-NA	919-NA-NA	443-NA-NA	0-NA-NA	5739-NA-NA	2307-NA-NA	1993-NA-NA	232-NA-NA	0-NA-NA	4768-NA-NA	2703-NA-NA	58-NA-NA	141-NA-NA	310-NA-NA	4596-NA-NA	1514-NA-NA	336-NA-NA	319-NA-NA	439-NA-NA	3540-NA-NA	253-NA-NA	1239-NA-NA	4955-NA-NA	5486-NA-NA	576-NA-NA	847-NA-NA	903-NA-NA	173-NA-NA	120-NA-NA	920-NA-NA	258-NA-NA	13386-NA-NA	237-NA-NA	59219-NA-NA	1307-NA-NA	98-NA-NA	0-NA-NA	1653-NA-NA	481-NA-NA	548-NA-NA	3394-NA-NA	127-NA-NA	294-NA-NA	774-NA-NA	90-NA-NA	1537-NA-NA	2552-NA-NA	0-NA-NA	789-NA-NA	235-NA-NA	1020-NA-NA	4506-NA-NA	124-NA-NA	989-NA-NA	87-NA-NA
2020-03-30	19:00:38	2020-03-30 00:00:00	830-NA-NA	114-NA-NA	919-NA-NA	443-NA-NA	0-NA-NA	5739-NA-NA	2307-NA-NA	1993-NA-NA	232-NA-NA	0-NA-NA	4768-NA-NA	2703-NA-NA	58-NA-NA	141-NA-NA	310-NA-NA	4596-NA-NA	1514-NA-NA	336-NA-NA	319-NA-NA	439-NA-NA	3540-NA-NA	253-NA-NA	1239-NA-NA	4955-NA-NA	5486-NA-NA	576-NA-NA	847-NA-NA	903-NA-NA	173-NA-NA	120-NA-NA	920-NA-NA	258-NA-NA	13386-NA-NA	237-NA-NA	59219-NA-NA	1307-NA-NA	98-NA-NA	0-NA-NA	1653-NA-NA	481-NA-NA	548-NA-NA	3394-NA-NA	127-NA-NA	294-NA-NA	774-NA-NA	90-NA-NA	1537-NA-NA	2552-NA-NA	0-NA-NA	789-NA-NA	235-NA-NA	1020-NA-NA	4506-NA-NA	124-NA-NA	989-NA-NA	87-NA-NA
2020-03-30	19:08:18	2020-03-30 00:00:00	830-NA-NA	114-NA-NA	919-NA-NA	443-NA-NA	0-NA-NA	5739-NA-NA	2307-NA-NA	1993-NA-NA	232-NA-NA	0-NA-NA	4768-NA-NA	2703-NA-NA	58-NA-NA	141-NA-NA	310-NA-NA	4596-NA-NA	1514-NA-NA	336-NA-NA	319-NA-NA	439-NA-NA	3540-NA-NA	253-NA-NA	1239-NA-NA	4955-NA-NA	5486-NA-NA	576-NA-NA	847-NA-NA	903-NA-NA	173-NA-NA	120-NA-NA	920-NA-NA	258-NA-NA	13386-NA-NA	237-NA-NA	59219-NA-NA	1307-NA-NA	98-NA-NA	0-NA-NA	1653-NA-NA	481-NA-NA	548-NA-NA	3394-NA-NA	127-NA-NA	294-NA-NA	774-NA-NA	90-NA-NA	1537-NA-NA	2552-NA-NA	0-NA-NA	789-NA-NA	235-NA-NA	1020-NA-NA	4506-NA-NA	124-NA-NA	989-NA-NA	87-NA-NA
2020-04-01	13:30:13	2020-03-30 00:00:00
2020-04-01	22:02:28	2020-04-01 00:00:00
2020-04-01	22:20:49	2020-04-01 00:00:00	0-NA-NA	0-NA-NA	0-NA-NA	0-NA-NA	0-NA-NA	0-NA-NA	0-NA-NA	0-NA-NA	0-NA-NA	0-NA-NA	0-NA-NA	0-NA-NA	0-NA-NA	0-NA-NA	0-NA-NA	0-NA-NA	0-NA-NA	0-NA-NA	0-NA-NA	0-NA-NA	0-NA-NA	0-NA-NA	0-NA-NA	0-NA-NA	0-NA-NA	0-NA-NA	0-NA-NA	0-NA-NA	0-NA-NA	0-NA-NA	0-NA-NA	0-NA-NA	0-NA-NA	0-NA-NA	0-NA-NA	0-NA-NA	0-NA-NA	0-NA-NA	0-NA-NA	0-NA-NA	0-NA-NA	0-NA-NA	0-NA-NA	0-NA-NA	0-NA-NA	0-NA-NA	0-NA-NA	0-NA-NA	0-NA-NA	0-NA-NA	0-NA-NA	0-NA-NA	0-NA-NA	0-NA-NA	0-NA-NA	0-NA-NA
2020-04-01	23:42:02	2020-04-01 00:00:00	0-NA-NA	0-NA-NA	0-NA-NA	0-NA-NA	0-NA-NA	0-NA-NA	0-NA-NA	0-NA-NA	0-NA-NA	0-NA-NA	0-NA-NA	0-NA-NA	0-NA-NA	0-NA-NA	0-NA-NA	0-NA-NA	0-NA-NA	0-NA-NA	0-NA-NA	0-NA-NA	0-NA-NA	0-NA-NA	0-NA-NA	0-NA-NA	0-NA-NA	0-NA-NA	0-NA-NA	0-NA-NA	0-NA-NA	0-NA-NA	0-NA-NA	0-NA-NA	0-NA-NA	0-NA-NA	0-NA-NA	0-NA-NA	0-NA-NA	0-NA-NA	0-NA-NA	0-NA-NA	0-NA-NA	0-NA-NA	0-NA-NA	0-NA-NA	0-NA-NA	0-NA-NA	0-NA-NA	0-NA-NA	0-NA-NA	0-NA-NA	0-NA-NA	0-NA-NA	0-NA-NA	0-NA-NA	0-NA-NA	0-NA-NA
2020-04-02	12:25:20	2020-04-02 00:00:00	1106-NA-NA	143-NA-NA	1413-NA-NA	614-NA-NA	0-NA-NA	8155-NA-NA	3342-NA-NA	3557-NA-NA	368-NA-NA	0-NA-NA	7495-NA-NA	4748-NA-NA	77-NA-NA	205-NA-NA	669-NA-NA	6980-NA-NA	2565-NA-NA	549-NA-NA	482-NA-NA	680-NA-NA	6424-NA-NA	344-NA-NA	1985-NA-NA	7738-NA-NA	9334-NA-NA	742-NA-NA	1177-NA-NA	1581-NA-NA	228-NA-NA	214-NA-NA	1279-NA-NA	415-NA-NA	22255-NA-NA	363-NA-NA	84735-NA-NA	1857-NA-NA	147-NA-NA	0-NA-NA	2547-NA-NA	719-NA-NA	736-NA-NA	5805-NA-NA	286-NA-NA	566-NA-NA	1293-NA-NA	129-NA-NA	2240-NA-NA	3997-NA-NA	0-NA-NA	1012-NA-NA	321-NA-NA	1706-NA-NA	5319-NA-NA	191-NA-NA	1550-NA-NA	137-NA-NA
2020-04-02	23:59:39	2020-04-02 00:00:00	1106-NA-NA	143-NA-NA	1413-NA-NA	614-NA-NA	0-NA-NA	8155-NA-NA	3342-NA-NA	3557-NA-NA	368-NA-NA	0-NA-NA	7495-NA-NA	4748-NA-NA	77-NA-NA	205-NA-NA	669-NA-NA	6980-NA-NA	2565-NA-NA	549-NA-NA	482-NA-NA	680-NA-NA	6424-NA-NA	344-NA-NA	1985-NA-NA	7738-NA-NA	9334-NA-NA	742-NA-NA	1177-NA-NA	1581-NA-NA	228-NA-NA	214-NA-NA	1279-NA-NA	415-NA-NA	22255-NA-NA	363-NA-NA	84735-NA-NA	1857-NA-NA	147-NA-NA	0-NA-NA	2547-NA-NA	719-NA-NA	736-NA-NA	5805-NA-NA	286-NA-NA	566-NA-NA	1293-NA-NA	129-NA-NA	2240-NA-NA	3997-NA-NA	0-NA-NA	1012-NA-NA	321-NA-NA	1706-NA-NA	5319-NA-NA	191-NA-NA	1550-NA-NA	137-NA-NA
2020-04-03	00:41:54	2020-04-02 00:00:00	1106-NA-NA	143-NA-NA	1413-NA-NA	614-NA-NA	0-NA-NA	8155-NA-NA	3342-NA-NA	3557-NA-NA	368-NA-NA	0-NA-NA	7495-NA-NA	4748-NA-NA	77-NA-NA	205-NA-NA	669-NA-NA	6980-NA-NA	2565-NA-NA	549-NA-NA	482-NA-NA	680-NA-NA	6424-NA-NA	344-NA-NA	1985-NA-NA	7738-NA-NA	9334-NA-NA	742-NA-NA	1177-NA-NA	1581-NA-NA	228-NA-NA	214-NA-NA	1279-NA-NA	415-NA-NA	22255-NA-NA	363-NA-NA	84735-NA-NA	1857-NA-NA	147-NA-NA	0-NA-NA	2547-NA-NA	719-NA-NA	736-NA-NA	5805-NA-NA	286-NA-NA	566-NA-NA	1293-NA-NA	129-NA-NA	2240-NA-NA	3997-NA-NA	0-NA-NA	1012-NA-NA	321-NA-NA	1706-NA-NA	5319-NA-NA	191-NA-NA	1550-NA-NA	137-NA-NA
2020-04-03	01:54:37	2020-04-02 00:00:00	1106-NA-NA	143-NA-NA	1413-NA-NA	614-NA-NA	0-NA-NA	8155-NA-NA	3342-NA-NA	3557-NA-NA	368-NA-NA	0-NA-NA	7495-NA-NA	4748-NA-NA	77-NA-NA	205-NA-NA	669-NA-NA	6980-NA-NA	2565-NA-NA	549-NA-NA	482-NA-NA	680-NA-NA	6424-NA-NA	344-NA-NA	1985-NA-NA	7738-NA-NA	9334-NA-NA	742-NA-NA	1177-NA-NA	1581-NA-NA	228-NA-NA	214-NA-NA	1279-NA-NA	415-NA-NA	22255-NA-NA	363-NA-NA	84735-NA-NA	1857-NA-NA	147-NA-NA	0-NA-NA	2547-NA-NA	719-NA-NA	736-NA-NA	5805-NA-NA	286-NA-NA	566-NA-NA	1293-NA-NA	129-NA-NA	2240-NA-NA	3997-NA-NA	0-NA-NA	1012-NA-NA	321-NA-NA	1706-NA-NA	5319-NA-NA	191-NA-NA	1550-NA-NA	137-NA-NA
2020-04-03	14:24:33	2020-04-03 00:00:00	1270-NA-NA	147-NA-NA	1598-NA-NA	679-NA-NA	0-NA-NA	9191-NA-NA	3728-NA-NA	3824-NA-NA	393-NA-NA	0-NA-NA	8694-NA-NA	5486-NA-NA	82-NA-NA	225-NA-NA	891-NA-NA	7695-NA-NA	3039-NA-NA	614-NA-NA	552-NA-NA	770-NA-NA	9150-NA-NA	376-NA-NA	2331-NA-NA	8966-NA-NA	10791-NA-NA	789-NA-NA	1358-NA-NA	1834-NA-NA	244-NA-NA	255-NA-NA	1458-NA-NA	479-NA-NA	25590-NA-NA	403-NA-NA	90279-NA-NA	2093-NA-NA	159-NA-NA	0-NA-NA	2902-NA-NA	879-NA-NA	826-NA-NA	7016-NA-NA	316-NA-NA	681-NA-NA	1554-NA-NA	165-NA-NA	2845-NA-NA	4669-NA-NA	0-NA-NA	1165-NA-NA	338-NA-NA	2012-NA-NA	5683-NA-NA	217-NA-NA	1730-NA-NA	150-NA-NA
2020-04-03	14:25:32	2020-04-03 00:00:00	1270-NA-NA	147-NA-NA	1598-NA-NA	679-NA-NA	0-NA-NA	9191-NA-NA	3728-NA-NA	3824-NA-NA	393-NA-NA	0-NA-NA	8694-NA-NA	5486-NA-NA	82-NA-NA	225-NA-NA	891-NA-NA	7695-NA-NA	3039-NA-NA	614-NA-NA	552-NA-NA	770-NA-NA	9150-NA-NA	376-NA-NA	2331-NA-NA	8966-NA-NA	10791-NA-NA	789-NA-NA	1358-NA-NA	1834-NA-NA	244-NA-NA	255-NA-NA	1458-NA-NA	479-NA-NA	25590-NA-NA	403-NA-NA	90279-NA-NA	2093-NA-NA	159-NA-NA	0-NA-NA	2902-NA-NA	879-NA-NA	826-NA-NA	7016-NA-NA	316-NA-NA	681-NA-NA	1554-NA-NA	165-NA-NA	2845-NA-NA	4669-NA-NA	0-NA-NA	1165-NA-NA	338-NA-NA	2012-NA-NA	5683-NA-NA	217-NA-NA	1730-NA-NA	150-NA-NA
2020-04-03	14:26:38	2020-04-03 00:00:00	1270-NA-NA	147-NA-NA	1598-NA-NA	679-NA-NA	0-NA-NA	9191-NA-NA	3728-NA-NA	3824-NA-NA	393-NA-NA	0-NA-NA	8694-NA-NA	5486-NA-NA	82-NA-NA	225-NA-NA	891-NA-NA	7695-NA-NA	3039-NA-NA	614-NA-NA	552-NA-NA	770-NA-NA	9150-NA-NA	376-NA-NA	2331-NA-NA	8966-NA-NA	10791-NA-NA	789-NA-NA	1358-NA-NA	1834-NA-NA	244-NA-NA	255-NA-NA	1458-NA-NA	479-NA-NA	25590-NA-NA	403-NA-NA	90279-NA-NA	2093-NA-NA	159-NA-NA	0-NA-NA	2902-NA-NA	879-NA-NA	826-NA-NA	7016-NA-NA	316-NA-NA	681-NA-NA	1554-NA-NA	165-NA-NA	2845-NA-NA	4669-NA-NA	0-NA-NA	1165-NA-NA	338-NA-NA	2012-NA-NA	5683-NA-NA	217-NA-NA	1730-NA-NA	150-NA-NA
2020-04-03	14:27:33	2020-04-03 00:00:00	1270-NA-NA	147-NA-NA	1598-NA-NA	679-NA-NA	0-NA-NA	9191-NA-NA	3728-NA-NA	3824-NA-NA	393-NA-NA	0-NA-NA	8694-NA-NA	5486-NA-NA	82-NA-NA	225-NA-NA	891-NA-NA	7695-NA-NA	3039-NA-NA	614-NA-NA	552-NA-NA	770-NA-NA	9150-NA-NA	376-NA-NA	2331-NA-NA	8966-NA-NA	10791-NA-NA	789-NA-NA	1358-NA-NA	1834-NA-NA	244-NA-NA	255-NA-NA	1458-NA-NA	479-NA-NA	25590-NA-NA	403-NA-NA	90279-NA-NA	2093-NA-NA	159-NA-NA	0-NA-NA	2902-NA-NA	879-NA-NA	826-NA-NA	7016-NA-NA	316-NA-NA	681-NA-NA	1554-NA-NA	165-NA-NA	2845-NA-NA	4669-NA-NA	0-NA-NA	1165-NA-NA	338-NA-NA	2012-NA-NA	5683-NA-NA	217-NA-NA	1730-NA-NA	150-NA-NA
2020-04-03	15:30:35	2020-04-03 00:00:00	1270-NA-NA	147-NA-NA	1598-NA-NA	679-NA-NA	0-NA-NA	9191-NA-NA	3728-NA-NA	3824-NA-NA	393-NA-NA	0-NA-NA	8694-NA-NA	5486-NA-NA	82-NA-NA	225-NA-NA	891-NA-NA	7695-NA-NA	3039-NA-NA	614-NA-NA	552-NA-NA	770-NA-NA	9150-NA-NA	376-NA-NA	2331-NA-NA	8966-NA-NA	10791-NA-NA	789-NA-NA	1358-NA-NA	1834-NA-NA	244-NA-NA	255-NA-NA	1458-NA-NA	479-NA-NA	25590-NA-NA	403-NA-NA	90279-NA-NA	2093-NA-NA	159-NA-NA	0-NA-NA	2902-NA-NA	879-NA-NA	826-NA-NA	7016-NA-NA	316-NA-NA	681-NA-NA	1554-NA-NA	165-NA-NA	2845-NA-NA	4669-NA-NA	0-NA-NA	1165-NA-NA	338-NA-NA	2012-NA-NA	5683-NA-NA	217-NA-NA	1730-NA-NA	150-NA-NA
2020-04-03	23:30:38	2020-04-03 00:00:00	1270-NA-NA	147-NA-NA	1598-NA-NA	679-NA-NA	0-NA-NA	9191-NA-NA	3728-NA-NA	3824-NA-NA	393-NA-NA	0-NA-NA	8694-NA-NA	5486-NA-NA	82-NA-NA	225-NA-NA	891-NA-NA	7695-NA-NA	3039-NA-NA	614-NA-NA	552-NA-NA	770-NA-NA	9150-NA-NA	376-NA-NA	2331-NA-NA	8966-NA-NA	10791-NA-NA	789-NA-NA	1358-NA-NA	1834-NA-NA	244-NA-NA	255-NA-NA	1458-NA-NA	479-NA-NA	25590-NA-NA	403-NA-NA	90279-NA-NA	2093-NA-NA	159-NA-NA	0-NA-NA	2902-NA-NA	879-NA-NA	826-NA-NA	7016-NA-NA	316-NA-NA	681-NA-NA	1554-NA-NA	165-NA-NA	2845-NA-NA	4669-NA-NA	0-NA-NA	1165-NA-NA	338-NA-NA	2012-NA-NA	5683-NA-NA	217-NA-NA	1730-NA-NA	150-NA-NA
2020-04-04	08:30:33	2020-04-03 00:00:00	1270-NA-NA	147-NA-NA	1598-NA-NA	679-NA-NA	0-NA-NA	9191-NA-NA	3728-NA-NA	3824-NA-NA	393-NA-NA	0-NA-NA	8694-NA-NA	5486-NA-NA	82-NA-NA	225-NA-NA	891-NA-NA	7695-NA-NA	3039-NA-NA	614-NA-NA	552-NA-NA	770-NA-NA	9150-NA-NA	376-NA-NA	2331-NA-NA	8966-NA-NA	10791-NA-NA	789-NA-NA	1358-NA-NA	1834-NA-NA	244-NA-NA	255-NA-NA	1458-NA-NA	479-NA-NA	25590-NA-NA	403-NA-NA	90279-NA-NA	2093-NA-NA	159-NA-NA	0-NA-NA	2902-NA-NA	879-NA-NA	826-NA-NA	7016-NA-NA	316-NA-NA	681-NA-NA	1554-NA-NA	165-NA-NA	2845-NA-NA	4669-NA-NA	0-NA-NA	1165-NA-NA	338-NA-NA	2012-NA-NA	5683-NA-NA	217-NA-NA	1730-NA-NA	150-NA-NA
2020-04-04	15:30:31	2020-04-03 00:00:00	1270-NA-NA	147-NA-NA	1598-NA-NA	679-NA-NA	0-NA-NA	9191-NA-NA	3728-NA-NA	3824-NA-NA	393-NA-NA	0-NA-NA	8694-NA-NA	5486-NA-NA	82-NA-NA	225-NA-NA	891-NA-NA	7695-NA-NA	3039-NA-NA	614-NA-NA	552-NA-NA	770-NA-NA	9150-NA-NA	376-NA-NA	2331-NA-NA	8966-NA-NA	10791-NA-NA	789-NA-NA	1358-NA-NA	1834-NA-NA	244-NA-NA	255-NA-NA	1458-NA-NA	479-NA-NA	25590-NA-NA	403-NA-NA	90279-NA-NA	2093-NA-NA	159-NA-NA	0-NA-NA	2902-NA-NA	879-NA-NA	826-NA-NA	7016-NA-NA	316-NA-NA	681-NA-NA	1554-NA-NA	165-NA-NA	2845-NA-NA	4669-NA-NA	0-NA-NA	1165-NA-NA	338-NA-NA	2012-NA-NA	5683-NA-NA	217-NA-NA	1730-NA-NA	150-NA-NA
2020-04-04	23:30:33	2020-04-03 00:00:00	1270-NA-NA	147-NA-NA	1598-NA-NA	679-NA-NA	0-NA-NA	9191-NA-NA	3728-NA-NA	3824-NA-NA	393-NA-NA	0-NA-NA	8694-NA-NA	5486-NA-NA	82-NA-NA	225-NA-NA	891-NA-NA	7695-NA-NA	3039-NA-NA	614-NA-NA	552-NA-NA	770-NA-NA	9150-NA-NA	376-NA-NA	2331-NA-NA	8966-NA-NA	10791-NA-NA	789-NA-NA	1358-NA-NA	1834-NA-NA	244-NA-NA	255-NA-NA	1458-NA-NA	479-NA-NA	25590-NA-NA	403-NA-NA	90279-NA-NA	2093-NA-NA	159-NA-NA	0-NA-NA	2902-NA-NA	879-NA-NA	826-NA-NA	7016-NA-NA	316-NA-NA	681-NA-NA	1554-NA-NA	165-NA-NA	2845-NA-NA	4669-NA-NA	0-NA-NA	1165-NA-NA	338-NA-NA	2012-NA-NA	5683-NA-NA	217-NA-NA	1730-NA-NA	150-NA-NA
2020-04-05	08:30:33	2020-04-03 00:00:00	1270-NA-NA	147-NA-NA	1598-NA-NA	679-NA-NA	0-NA-NA	9191-NA-NA	3728-NA-NA	3824-NA-NA	393-NA-NA	0-NA-NA	8694-NA-NA	5486-NA-NA	82-NA-NA	225-NA-NA	891-NA-NA	7695-NA-NA	3039-NA-NA	614-NA-NA	552-NA-NA	770-NA-NA	9150-NA-NA	376-NA-NA	2331-NA-NA	8966-NA-NA	10791-NA-NA	789-NA-NA	1358-NA-NA	1834-NA-NA	244-NA-NA	255-NA-NA	1458-NA-NA	479-NA-NA	25590-NA-NA	403-NA-NA	90279-NA-NA	2093-NA-NA	159-NA-NA	0-NA-NA	2902-NA-NA	879-NA-NA	826-NA-NA	7016-NA-NA	316-NA-NA	681-NA-NA	1554-NA-NA	165-NA-NA	2845-NA-NA	4669-NA-NA	0-NA-NA	1165-NA-NA	338-NA-NA	2012-NA-NA	5683-NA-NA	217-NA-NA	1730-NA-NA	150-NA-NA

2020-04-05	15:30:32	2020-04-03 00:00:00	1270-NA-NA	147-NA-NA	1598-NA-NA	679-NA-NA	0-NA-NA	9191-NA-NA	3728-NA-NA	3824-NA-NA	393-NA-NA	0-NA-NA	8694-NA-NA	5486-NA-NA	82-NA-NA	225-NA-NA	891-NA-NA	7695-NA-NA	3039-NA-NA	614-NA-NA	552-NA-NA	770-NA-NA	9150-NA-NA	376-NA-NA	2331-NA-NA	8966-NA-NA	10791-NA-NA	789-NA-NA	1358-NA-NA	1834-NA-NA	244-NA-NA	255-NA-NA	1458-NA-NA	479-NA-NA	25590-NA-NA	403-NA-NA	90279-NA-NA	2093-NA-NA	159-NA-NA	0-NA-NA	2902-NA-NA	879-NA-NA	826-NA-NA	7016-NA-NA	316-NA-NA	681-NA-NA	1554-NA-NA	165-NA-NA	2845-NA-NA	4669-NA-NA	0-NA-NA	1165-NA-NA	338-NA-NA	2012-NA-NA	5683-NA-NA	217-NA-NA	1730-NA-NA	150-NA-NA
2020-04-05	23:30:32	2020-04-03 00:00:00	1270-NA-NA	147-NA-NA	1598-NA-NA	679-NA-NA	0-NA-NA	9191-NA-NA	3728-NA-NA	3824-NA-NA	393-NA-NA	0-NA-NA	8694-NA-NA	5486-NA-NA	82-NA-NA	225-NA-NA	891-NA-NA	7695-NA-NA	3039-NA-NA	614-NA-NA	552-NA-NA	770-NA-NA	9150-NA-NA	376-NA-NA	2331-NA-NA	8966-NA-NA	10791-NA-NA	789-NA-NA	1358-NA-NA	1834-NA-NA	244-NA-NA	255-NA-NA	1458-NA-NA	479-NA-NA	25590-NA-NA	403-NA-NA	90279-NA-NA	2093-NA-NA	159-NA-NA	0-NA-NA	2902-NA-NA	879-NA-NA	826-NA-NA	7016-NA-NA	316-NA-NA	681-NA-NA	1554-NA-NA	165-NA-NA	2845-NA-NA	4669-NA-NA	0-NA-NA	1165-NA-NA	338-NA-NA	2012-NA-NA	5683-NA-NA	217-NA-NA	1730-NA-NA	150-NA-NA
2020-04-06	08:30:33	2020-04-03 00:00:00	1270-NA-NA	147-NA-NA	1598-NA-NA	679-NA-NA	0-NA-NA	9191-NA-NA	3728-NA-NA	3824-NA-NA	393-NA-NA	0-NA-NA	8694-NA-NA	5486-NA-NA	82-NA-NA	225-NA-NA	891-NA-NA	7695-NA-NA	3039-NA-NA	614-NA-NA	552-NA-NA	770-NA-NA	9150-NA-NA	376-NA-NA	2331-NA-NA	8966-NA-NA	10791-NA-NA	789-NA-NA	1358-NA-NA	1834-NA-NA	244-NA-NA	255-NA-NA	1458-NA-NA	479-NA-NA	25590-NA-NA	403-NA-NA	90279-NA-NA	2093-NA-NA	159-NA-NA	0-NA-NA	2902-NA-NA	879-NA-NA	826-NA-NA	7016-NA-NA	316-NA-NA	681-NA-NA	1554-NA-NA	165-NA-NA	2845-NA-NA	4669-NA-NA	0-NA-NA	1165-NA-NA	338-NA-NA	2012-NA-NA	5683-NA-NA	217-NA-NA	1730-NA-NA	150-NA-NA
2020-04-06	15:30:46	2020-04-06 00:00:00	1841-NA-NA	185-NA-NA	2269-NA-NA	853-NA-NA	0-NA-NA	13438-NA-NA	4950-NA-NA	5675-NA-NA	673-NA-NA	0-NA-NA	11961-NA-NA	6752-NA-NA	110-NA-NA	324-NA-NA	1101-NA-NA	11256-NA-NA	4411-NA-NA	868-NA-NA	813-NA-NA	955-NA-NA	13010-NA-NA	470-NA-NA	4045-NA-NA	12500-NA-NA	15718-NA-NA	986-NA-NA	1738-NA-NA	2367-NA-NA	300-NA-NA	367-NA-NA	1836-NA-NA	669-NA-NA	37505-NA-NA	624-NA-NA	119435-NA-NA	2870-NA-NA	207-NA-NA	0-NA-NA	4043-NA-NA	1250-NA-NA	1068-NA-NA	11510-NA-NA	475-NA-NA	922-NA-NA	2049-NA-NA	240-NA-NA	3633-NA-NA	6812-NA-NA	0-NA-NA	1605-NA-NA	512-NA-NA	2878-NA-NA	6973-NA-NA	324-NA-NA	2267-NA-NA	200-NA-NA
2020-04-06	23:30:33	2020-04-06 00:00:00	1841-NA-NA	185-NA-NA	2269-NA-NA	853-NA-NA	0-NA-NA	13438-NA-NA	4950-NA-NA	5675-NA-NA	673-NA-NA	0-NA-NA	11961-NA-NA	6752-NA-NA	110-NA-NA	324-NA-NA	1101-NA-NA	11256-NA-NA	4411-NA-NA	868-NA-NA	813-NA-NA	955-NA-NA	13010-NA-NA	470-NA-NA	4045-NA-NA	12500-NA-NA	15718-NA-NA	986-NA-NA	1738-NA-NA	2367-NA-NA	300-NA-NA	367-NA-NA	1836-NA-NA	669-NA-NA	37505-NA-NA	624-NA-NA	119435-NA-NA	2870-NA-NA	207-NA-NA	0-NA-NA	4043-NA-NA	1250-NA-NA	1068-NA-NA	11510-NA-NA	475-NA-NA	922-NA-NA	2049-NA-NA	240-NA-NA	3633-NA-NA	6812-NA-NA	0-NA-NA	1605-NA-NA	512-NA-NA	2878-NA-NA	6973-NA-NA	324-NA-NA	2267-NA-NA	200-NA-NA
2020-04-07	08:30:32	2020-04-06 00:00:00	1841-NA-NA	185-NA-NA	2269-NA-NA	853-NA-NA	0-NA-NA	13438-NA-NA	4950-NA-NA	5675-NA-NA	673-NA-NA	0-NA-NA	11961-NA-NA	6752-NA-NA	110-NA-NA	324-NA-NA	1101-NA-NA	11256-NA-NA	4411-NA-NA	868-NA-NA	813-NA-NA	955-NA-NA	13010-NA-NA	470-NA-NA	4045-NA-NA	12500-NA-NA	15718-NA-NA	986-NA-NA	1738-NA-NA	2367-NA-NA	300-NA-NA	367-NA-NA	1836-NA-NA	669-NA-NA	37505-NA-NA	624-NA-NA	119435-NA-NA	2870-NA-NA	207-NA-NA	0-NA-NA	4043-NA-NA	1250-NA-NA	1068-NA-NA	11510-NA-NA	475-NA-NA	922-NA-NA	2049-NA-NA	240-NA-NA	3633-NA-NA	6812-NA-NA	0-NA-NA	1605-NA-NA	512-NA-NA	2878-NA-NA	6973-NA-NA	324-NA-NA	2267-NA-NA	200-NA-NA
2020-04-07	15:30:34	2020-04-07 00:00:00	2006-NA-NA	191-NA-NA	2456-NA-NA	915-NA-NA	0-NA-NA	14336-NA-NA	5172-NA-NA	6906-NA-NA	783-NA-NA	0-NA-NA	13214-NA-NA	8634-NA-NA	111-NA-NA	332-NA-NA	1170-NA-NA	12262-NA-NA	4944-NA-NA	946-NA-NA	845-NA-NA	1008-NA-NA	14867-NA-NA	499-NA-NA	4371-NA-NA	13837-NA-NA	17221-NA-NA	1069-NA-NA	1915-NA-NA	2722-NA-NA	320-NA-NA	412-NA-NA	1953-NA-NA	715-NA-NA	41090-NA-NA	686-NA-NA	141100-NA-NA	2870-NA-NA	225-NA-NA	0-NA-NA	4450-NA-NA	1327-NA-NA	1132-NA-NA	12980-NA-NA	513-NA-NA	1170-NA-NA	2232-NA-NA	288-NA-NA	3803-NA-NA	7276-NA-NA	0-NA-NA	1716-NA-NA	543-NA-NA	3333-NA-NA	7318-NA-NA	345-NA-NA	2440-NA-NA	212-NA-NA
2020-04-07	23:30:34	2020-04-07 00:00:00	2006-NA-NA	191-NA-NA	2456-NA-NA	915-NA-NA	0-NA-NA	14336-NA-NA	5172-NA-NA	6906-NA-NA	783-NA-NA	0-NA-NA	13214-NA-NA	8634-NA-NA	111-NA-NA	332-NA-NA	1170-NA-NA	12262-NA-NA	4944-NA-NA	946-NA-NA	845-NA-NA	1008-NA-NA	14867-NA-NA	499-NA-NA	4371-NA-NA	13837-NA-NA	17221-NA-NA	1069-NA-NA	1915-NA-NA	2722-NA-NA	320-NA-NA	412-NA-NA	1953-NA-NA	715-NA-NA	41090-NA-NA	686-NA-NA	141100-NA-NA	2870-NA-NA	225-NA-NA	0-NA-NA	4450-NA-NA	1327-NA-NA	1132-NA-NA	12980-NA-NA	513-NA-NA	1170-NA-NA	2232-NA-NA	288-NA-NA	3803-NA-NA	7276-NA-NA	0-NA-NA	1716-NA-NA	543-NA-NA	3333-NA-NA	7318-NA-NA	345-NA-NA	2440-NA-NA	212-NA-NA
2020-04-08	08:30:34	2020-04-07 00:00:00	2006-NA-NA	191-NA-NA	2456-NA-NA	915-NA-NA	0-NA-NA	14336-NA-NA	5172-NA-NA	6906-NA-NA	783-NA-NA	0-NA-NA	13214-NA-NA	8634-NA-NA	111-NA-NA	332-NA-NA	1170-NA-NA	12262-NA-NA	4944-NA-NA	946-NA-NA	845-NA-NA	1008-NA-NA	14867-NA-NA	499-NA-NA	4371-NA-NA	13837-NA-NA	17221-NA-NA	1069-NA-NA	1915-NA-NA	2722-NA-NA	320-NA-NA	412-NA-NA	1953-NA-NA	715-NA-NA	41090-NA-NA	686-NA-NA	141100-NA-NA	2870-NA-NA	225-NA-NA	0-NA-NA	4450-NA-NA	1327-NA-NA	1132-NA-NA	12980-NA-NA	513-NA-NA	1170-NA-NA	2232-NA-NA	288-NA-NA	3803-NA-NA	7276-NA-NA	0-NA-NA	1716-NA-NA	543-NA-NA	3333-NA-NA	7318-NA-NA	345-NA-NA	2440-NA-NA	212-NA-NA
2020-04-08	15:30:44	2020-04-08 00:00:00	2197-NA-NA	213-NA-NA	2575-NA-NA	993-NA-NA	0-NA-NA	15865-NA-NA	5429-NA-NA	7781-NA-NA	928-NA-NA	0-NA-NA	14302-NA-NA	9713-NA-NA	122-NA-NA	362-NA-NA	1210-NA-NA	13549-NA-NA	5507-NA-NA	1048-NA-NA	900-NA-NA	1149-NA-NA	16284-NA-NA	519-NA-NA	5529-NA-NA	15202-NA-NA	18970-NA-NA	1154-NA-NA	2003-NA-NA	3037-NA-NA	332-NA-NA	478-NA-NA	2087-NA-NA	747-NA-NA	44416-NA-NA	794-NA-NA	138773-NA-NA	3221-NA-NA	237-NA-NA	0-NA-NA	4782-NA-NA	1472-NA-NA	1181-NA-NA	14559-NA-NA	573-NA-NA	1414-NA-NA	2417-NA-NA	320-NA-NA	4139-NA-NA	8262-NA-NA	0-NA-NA	1804-NA-NA	575-NA-NA	3645-NA-NA	7767-NA-NA	412-NA-NA	2578-NA-NA	221-NA-NA
2020-04-08	21:52:40	2020-04-08 00:00:00	2197-NA-NA	213-NA-NA	2575-NA-NA	993-NA-NA	0-NA-NA	15865-NA-NA	5429-NA-NA	7781-NA-NA	928-NA-NA	0-NA-NA	14302-NA-NA	9713-NA-NA	122-NA-NA	362-NA-NA	1210-NA-NA	13549-NA-NA	5507-NA-NA	1048-NA-NA	900-NA-NA	1149-NA-NA	16284-NA-NA	519-NA-NA	5529-NA-NA	15202-NA-NA	18970-NA-NA	1154-NA-NA	2003-NA-NA	3037-NA-NA	332-NA-NA	478-NA-NA	2087-NA-NA	747-NA-NA	44416-NA-NA	794-NA-NA	138773-NA-NA	3221-NA-NA	237-NA-NA	0-NA-NA	4782-NA-NA	1472-NA-NA	1181-NA-NA	14559-NA-NA	573-NA-NA	1414-NA-NA	2417-NA-NA	320-NA-NA	4139-NA-NA	8262-NA-NA	0-NA-NA	1804-NA-NA	575-NA-NA	3645-NA-NA	7767-NA-NA	412-NA-NA	2578-NA-NA	221-NA-NA
2020-04-08	23:30:38	2020-04-08 00:00:00	2197-NA-NA	213-NA-NA	2575-NA-NA	993-NA-NA	0-NA-NA	15865-NA-NA	5429-NA-NA	7781-NA-NA	928-NA-NA	0-NA-NA	14302-NA-NA	9713-NA-NA	122-NA-NA	362-NA-NA	1210-NA-NA	13549-NA-NA	5507-NA-NA	1048-NA-NA	900-NA-NA	1149-NA-NA	16284-NA-NA	519-NA-NA	5529-NA-NA	15202-NA-NA	18970-NA-NA	1154-NA-NA	2003-NA-NA	3037-NA-NA	332-NA-NA	478-NA-NA	2087-NA-NA	747-NA-NA	44416-NA-NA	794-NA-NA	138773-NA-NA	3221-NA-NA	237-NA-NA	0-NA-NA	4782-NA-NA	1472-NA-NA	1181-NA-NA	14559-NA-NA	573-NA-NA	1414-NA-NA	2417-NA-NA	320-NA-NA	4139-NA-NA	8262-NA-NA	0-NA-NA	1804-NA-NA	575-NA-NA	3645-NA-NA	7767-NA-NA	412-NA-NA	2578-NA-NA	221-NA-NA
2020-04-09	08:30:36	2020-04-08 00:00:00	2197-NA-NA	213-NA-NA	2575-NA-NA	993-NA-NA	0-NA-NA	15865-NA-NA	5429-NA-NA	7781-NA-NA	928-NA-NA	0-NA-NA	14302-NA-NA	9713-NA-NA	122-NA-NA	362-NA-NA	1210-NA-NA	13549-NA-NA	5507-NA-NA	1048-NA-NA	900-NA-NA	1149-NA-NA	16284-NA-NA	519-NA-NA	5529-NA-NA	15202-NA-NA	18970-NA-NA	1154-NA-NA	2003-NA-NA	3037-NA-NA	332-NA-NA	478-NA-NA	2087-NA-NA	747-NA-NA	44416-NA-NA	794-NA-NA	138773-NA-NA	3221-NA-NA	237-NA-NA	0-NA-NA	4782-NA-NA	1472-NA-NA	1181-NA-NA	14559-NA-NA	573-NA-NA	1414-NA-NA	2417-NA-NA	320-NA-NA	4139-NA-NA	8262-NA-NA	0-NA-NA	1804-NA-NA	575-NA-NA	3645-NA-NA	7767-NA-NA	412-NA-NA	2578-NA-NA	221-NA-NA
2020-04-09	15:30:34	2020-04-09 00:00:00	2499-NA-NA	226-NA-NA	2726-NA-NA	1071-NA-NA	0-NA-NA	16957-NA-NA	5655-NA-NA	8781-NA-NA	1116-NA-NA	0-NA-NA	15234-NA-NA	10446-NA-NA	123-NA-NA	377-NA-NA	1232-NA-NA	15078-NA-NA	5943-NA-NA	1145-NA-NA	1076-NA-NA	1346-NA-NA	17030-NA-NA	537-NA-NA	6185-NA-NA	16567-NA-NA	20346-NA-NA	1242-NA-NA	2260-NA-NA	3327-NA-NA	352-NA-NA	523-NA-NA	2318-NA-NA	788-NA-NA	47437-NA-NA	865-NA-NA	149316-NA-NA	3651-NA-NA	251-NA-NA	0-NA-NA	5148-NA-NA	1524-NA-NA	1239-NA-NA	16239-NA-NA	620-NA-NA	1450-NA-NA	2552-NA-NA	393-NA-NA	4362-NA-NA	9353-NA-NA	0-NA-NA	1916-NA-NA	605-NA-NA	4042-NA-NA	9097-NA-NA	412-NA-NA	2756-NA-NA	230-NA-NA
2020-04-09	16:14:09	2020-04-09 00:00:00	2499-NA-NA	226-NA-NA	2726-NA-NA	1071-NA-NA	0-NA-NA	16957-NA-NA	5655-NA-NA	8781-NA-NA	1116-NA-NA	0-NA-NA	15234-NA-NA	10446-NA-NA	123-NA-NA	377-NA-NA	1232-NA-NA	15078-NA-NA	5943-NA-NA	1145-NA-NA	1076-NA-NA	1346-NA-NA	17030-NA-NA	537-NA-NA	6185-NA-NA	16567-NA-NA	20346-NA-NA	1242-NA-NA	2260-NA-NA	3327-NA-NA	352-NA-NA	523-NA-NA	2318-NA-NA	788-NA-NA	47437-NA-NA	865-NA-NA	149316-NA-NA	3651-NA-NA	251-NA-NA	0-NA-NA	5148-NA-NA	1524-NA-NA	1239-NA-NA	16239-NA-NA	620-NA-NA	1450-NA-NA	2552-NA-NA	393-NA-NA	4362-NA-NA	9353-NA-NA	0-NA-NA	1916-NA-NA	605-NA-NA	4042-NA-NA	9097-NA-NA	412-NA-NA	2756-NA-NA	230-NA-NA
2020-04-09	23:30:34	2020-04-09 00:00:00	2499-NA-NA	226-NA-NA	2726-NA-NA	1071-NA-NA	0-NA-NA	16957-NA-NA	5655-NA-NA	8781-NA-NA	1116-NA-NA	0-NA-NA	15234-NA-NA	10446-NA-NA	123-NA-NA	377-NA-NA	1232-NA-NA	15078-NA-NA	5943-NA-NA	1145-NA-NA	1076-NA-NA	1346-NA-NA	17030-NA-NA	537-NA-NA	6185-NA-NA	16567-NA-NA	20346-NA-NA	1242-NA-NA	2260-NA-NA	3327-NA-NA	352-NA-NA	523-NA-NA	2318-NA-NA	788-NA-NA	47437-NA-NA	865-NA-NA	149316-NA-NA	3651-NA-NA	251-NA-NA	0-NA-NA	5148-NA-NA	1524-NA-NA	1239-NA-NA	16239-NA-NA	620-NA-NA	1450-NA-NA	2552-NA-NA	393-NA-NA	4362-NA-NA	9353-NA-NA	0-NA-NA	1916-NA-NA	605-NA-NA	4042-NA-NA	9097-NA-NA	412-NA-NA	2756-NA-NA	230-NA-NA
2020-04-10	08:30:46	2020-04-09 00:00:00	2499-NA-NA	226-NA-NA	2726-NA-NA	1071-NA-NA	0-NA-NA	16957-NA-NA	5655-NA-NA	8781-NA-NA	1116-NA-NA	0-NA-NA	15234-NA-NA	10446-NA-NA	123-NA-NA	377-NA-NA	1232-NA-NA	15078-NA-NA	5943-NA-NA	1145-NA-NA	1076-NA-NA	1346-NA-NA	17030-NA-NA	537-NA-NA	6185-NA-NA	16567-NA-NA	20346-NA-NA	1242-NA-NA	2260-NA-NA	3327-NA-NA	352-NA-NA	523-NA-NA	2318-NA-NA	788-NA-NA	47437-NA-NA	865-NA-NA	149316-NA-NA	3651-NA-NA	251-NA-NA	0-NA-NA	5148-NA-NA	1524-NA-NA	1239-NA-NA	16239-NA-NA	620-NA-NA	1450-NA-NA	2552-NA-NA	393-NA-NA	4362-NA-NA	9353-NA-NA	0-NA-NA	1916-NA-NA	605-NA-NA	4042-NA-NA	9097-NA-NA	412-NA-NA	2756-NA-NA	230-NA-NA
2020-04-10	15:30:35	2020-04-10 00:00:00	2,838-NA-NA	235-NA-NA	3,018-NA-NA	1,127-NA-NA	0-NA-NA	18,309-NA-NA	6,202-NA-NA	9,784-NA-NA	1,209-NA-NA	0-NA-NA	16,323-NA-NA	11,318-NA-NA	128-NA-NA	386-NA-NA	1,353-NA-NA	16,422-NA-NA	6,351-NA-NA	1,270-NA-NA	1,106-NA-NA	1,452-NA-NA	18,283-NA-NA	560-NA-NA	6,968-NA-NA	18,941-NA-NA	21,504-NA-NA	1,336-NA-NA	2,469-NA-NA	3,539-NA-NA	365-NA-NA	577-NA-NA	2,456-NA-NA	819-NA-NA	51,027-NA-NA	989-NA-NA	157,073-NA-NA	3,651-NA-NA	269-NA-NA	0-NA-NA	5,512-NA-NA	1,684-NA-NA	1,321-NA-NA	18,228-NA-NA	683-NA-NA	1,939-NA-NA	2,792-NA-NA	447-NA-NA	4,635-NA-NA	10,230-NA-NA	0-NA-NA	2,061-NA-NA	628-NA-NA	4,509-NA-NA	9,608-NA-NA	523-NA-NA	2,885-NA-NA	239-NA-NA
2020-04-10	23:30:36	2020-04-10 00:00:00	2,838-NA-NA	235-NA-NA	3,018-NA-NA	1,127-NA-NA	0-NA-NA	18,309-NA-NA	6,202-NA-NA	9,784-NA-NA	1,209-NA-NA	0-NA-NA	16,323-NA-NA	11,318-NA-NA	128-NA-NA	386-NA-NA	1,353-NA-NA	16,422-NA-NA	6,351-NA-NA	1,270-NA-NA	1,106-NA-NA	1,452-NA-NA	18,283-NA-NA	560-NA-NA	6,968-NA-NA	18,941-NA-NA	21,504-NA-NA	1,336-NA-NA	2,469-NA-NA	3,539-NA-NA	365-NA-NA	577-NA-NA	2,456-NA-NA	819-NA-NA	51,027-NA-NA	989-NA-NA	157,073-NA-NA	3,651-NA-NA	269-NA-NA	0-NA-NA	5,512-NA-NA	1,684-NA-NA	1,321-NA-NA	18,228-NA-NA	683-NA-NA	1,939-NA-NA	2,792-NA-NA	447-NA-NA	4,635-NA-NA	10,230-NA-NA	0-NA-NA	2,061-NA-NA	628-NA-NA	4,509-NA-NA	9,608-NA-NA	523-NA-NA	2,885-NA-NA	239-NA-NA
2020-04-11	08:30:33	2020-04-10 00:00:00	2,838-NA-NA	235-NA-NA	3,018-NA-NA	1,127-NA-NA	0-NA-NA	18,309-NA-NA	6,202-NA-NA	9,784-NA-NA	1,209-NA-NA	0-NA-NA	16,323-NA-NA	11,318-NA-NA	128-NA-NA	386-NA-NA	1,353-NA-NA	16,422-NA-NA	6,351-NA-NA	1,270-NA-NA	1,106-NA-NA	1,452-NA-NA	18,283-NA-NA	560-NA-NA	6,968-NA-NA	18,941-NA-NA	21,504-NA-NA	1,336-NA-NA	2,469-NA-NA	3,539-NA-NA	365-NA-NA	577-NA-NA	2,456-NA-NA	819-NA-NA	51,027-NA-NA	989-NA-NA	157,073-NA-NA	3,651-NA-NA	269-NA-NA	0-NA-NA	5,512-NA-NA	1,684-NA-NA	1,321-NA-NA	18,228-NA-NA	683-NA-NA	1,939-NA-NA	2,792-NA-NA	447-NA-NA	4,635-NA-NA	10,230-NA-NA	0-NA-NA	2,061-NA-NA	628-NA-NA	4,509-NA-NA	9,608-NA-NA	523-NA-NA	2,885-NA-NA	239-NA-NA
2020-04-11	15:30:32	2020-04-10 00:00:00	2,838-NA-NA	235-NA-NA	3,018-NA-NA	1,127-NA-NA	0-NA-NA	18,309-NA-NA	6,202-NA-NA	9,784-NA-NA	1,209-NA-NA	0-NA-NA	16,323-NA-NA	11,318-NA-NA	128-NA-NA	386-NA-NA	1,353-NA-NA	16,422-NA-NA	6,351-NA-NA	1,270-NA-NA	1,106-NA-NA	1,452-NA-NA	18,283-NA-NA	560-NA-NA	6,968-NA-NA	18,941-NA-NA	21,504-NA-NA	1,336-NA-NA	2,469-NA-NA	3,539-NA-NA	365-NA-NA	577-NA-NA	2,456-NA-NA	819-NA-NA	51,027-NA-NA	989-NA-NA	157,073-NA-NA	3,651-NA-NA	269-NA-NA	0-NA-NA	5,512-NA-NA	1,684-NA-NA	1,321-NA-NA	18,228-NA-NA	683-NA-NA	1,939-NA-NA	2,792-NA-NA	447-NA-NA	4,635-NA-NA	10,230-NA-NA	0-NA-NA	2,061-NA-NA	628-NA-NA	4,509-NA-NA	9,608-NA-NA	523-NA-NA	2,885-NA-NA	239-NA-NA
2020-04-11	23:30:52	2020-04-10 00:00:00	2,838-NA-NA	235-NA-NA	3,018-NA-NA	1,127-NA-NA	0-NA-NA	18,309-NA-NA	6,202-NA-NA	9,784-NA-NA	1,209-NA-NA	0-NA-NA	16,323-NA-NA	11,318-NA-NA	128-NA-NA	386-NA-NA	1,353-NA-NA	16,422-NA-NA	6,351-NA-NA	1,270-NA-NA	1,106-NA-NA	1,452-NA-NA	18,283-NA-NA	560-NA-NA	6,968-NA-NA	18,941-NA-NA	21,504-NA-NA	1,336-NA-NA	2,469-NA-NA	3,539-NA-NA	365-NA-NA	577-NA-NA	2,456-NA-NA	819-NA-NA	51,027-NA-NA	989-NA-NA	157,073-NA-NA	3,651-NA-NA	269-NA-NA	0-NA-NA	5,512-NA-NA	1,684-NA-NA	1,321-NA-NA	18,228-NA-NA	683-NA-NA	1,939-NA-NA	2,792-NA-NA	447-NA-NA	4,635-NA-NA	10,230-NA-NA	0-NA-NA	2,061-NA-NA	628-NA-NA	4,509-NA-NA	9,608-NA-NA	523-NA-NA	2,885-NA-NA	239-NA-NA
2020-04-12	08:30:36	2020-04-10 00:00:00	2,838-NA-NA	235-NA-NA	3,018-NA-NA	1,127-NA-NA	0-NA-NA	18,309-NA-NA	6,202-NA-NA	9,784-NA-NA	1,209-NA-NA	0-NA-NA	16,323-NA-NA	11,318-NA-NA	128-NA-NA	386-NA-NA	1,353-NA-NA	16,422-NA-NA	6,351-NA-NA	1,270-NA-NA	1,106-NA-NA	1,452-NA-NA	18,283-NA-NA	560-NA-NA	6,968-NA-NA	18,941-NA-NA	21,504-NA-NA	1,336-NA-NA	2,469-NA-NA	3,539-NA-NA	365-NA-NA	577-NA-NA	2,456-NA-NA	819-NA-NA	51,027-NA-NA	989-NA-NA	157,073-NA-NA	3,651-NA-NA	269-NA-NA	0-NA-NA	5,512-NA-NA	1,684-NA-NA	1,321-NA-NA	18,228-NA-NA	683-NA-NA	1,939-NA-NA	2,792-NA-NA	447-NA-NA	4,635-NA-NA	10,230-NA-NA	0-NA-NA	2,061-NA-NA	628-NA-NA	4,509-NA-NA	9,608-NA-NA	523-NA-NA	2,885-NA-NA	239-NA-NA
2020-04-12	15:30:35	2020-04-10 00:00:00	2,838-NA-NA	235-NA-NA	3,018-NA-NA	1,127-NA-NA	0-NA-NA	18,309-NA-NA	6,202-NA-NA	9,784-NA-NA	1,209-NA-NA	0-NA-NA	16,323-NA-NA	11,318-NA-NA	128-NA-NA	386-NA-NA	1,353-NA-NA	16,422-NA-NA	6,351-NA-NA	1,270-NA-NA	1,106-NA-NA	1,452-NA-NA	18,283-NA-NA	560-NA-NA	6,968-NA-NA	18,941-NA-NA	21,504-NA-NA	1,336-NA-NA	2,469-NA-NA	3,539-NA-NA	365-NA-NA	577-NA-NA	2,456-NA-NA	819-NA-NA	51,027-NA-NA	989-NA-NA	157,073-NA-NA	3,651-NA-NA	269-NA-NA	0-NA-NA	5,512-NA-NA	1,684-NA-NA	1,321-NA-NA	18,228-NA-NA	683-NA-NA	1,939-NA-NA	2,792-NA-NA	447-NA-NA	4,635-NA-NA	10,230-NA-NA	0-NA-NA	2,061-NA-NA	628-NA-NA	4,509-NA-NA	9,608-NA-NA	523-NA-NA	2,885-NA-NA	239-NA-NA
2020-04-12	23:30:33	2020-04-10 00:00:00	2,838-NA-NA	235-NA-NA	3,018-NA-NA	1,127-NA-NA	0-NA-NA	18,309-NA-NA	6,202-NA-NA	9,784-NA-NA	1,209-NA-NA	0-NA-NA	16,323-NA-NA	11,318-NA-NA	128-NA-NA	386-NA-NA	1,353-NA-NA	16,422-NA-NA	6,351-NA-NA	1,270-NA-NA	1,106-NA-NA	1,452-NA-NA	18,283-NA-NA	560-NA-NA	6,968-NA-NA	18,941-NA-NA	21,504-NA-NA	1,336-NA-NA	2,469-NA-NA	3,539-NA-NA	365-NA-NA	577-NA-NA	2,456-NA-NA	819-NA-NA	51,027-NA-NA	989-NA-NA	157,073-NA-NA	3,651-NA-NA	269-NA-NA	0-NA-NA	5,512-NA-NA	1,684-NA-NA	1,321-NA-NA	18,228-NA-NA	683-NA-NA	1,939-NA-NA	2,792-NA-NA	447-NA-NA	4,635-NA-NA	10,230-NA-NA	0-NA-NA	2,061-NA-NA	628-NA-NA	4,509-NA-NA	9,608-NA-NA	523-NA-NA	2,885-NA-NA	239-NA-NA
2020-04-13	08:30:50	2020-04-10 00:00:00	2,838-NA-NA	235-NA-NA	3,018-NA-NA	1,127-NA-NA	0-NA-NA	18,309-NA-NA	6,202-NA-NA	9,784-NA-NA	1,209-NA-NA	0-NA-NA	16,323-NA-NA	11,318-NA-NA	128-NA-NA	386-NA-NA	1,353-NA-NA	16,422-NA-NA	6,351-NA-NA	1,270-NA-NA	1,106-NA-NA	1,452-NA-NA	18,283-NA-NA	560-NA-NA	6,968-NA-NA	18,941-NA-NA	21,504-NA-NA	1,336-NA-NA	2,469-NA-NA	3,539-NA-NA	365-NA-NA	577-NA-NA	2,456-NA-NA	819-NA-NA	51,027-NA-NA	989-NA-NA	157,073-NA-NA	3,651-NA-NA	269-NA-NA	0-NA-NA	5,512-NA-NA	1,684-NA-NA	1,321-NA-NA	18,228-NA-NA	683-NA-NA	1,939-NA-NA	2,792-NA-NA	447-NA-NA	4,635-NA-NA	10,230-NA-NA	0-NA-NA	2,061-NA-NA	628-NA-NA	4,509-NA-NA	9,608-NA-NA	523-NA-NA	2,885-NA-NA	239-NA-NA
2020-04-13	15:30:45	2020-04-13 00:00:00	3583-NA-NA	272-NA-NA	3539-NA-NA	1307-NA-NA	0-NA-NA	21794-NA-NA	7303-NA-NA	12035-NA-NA	1625-NA-NA	0-NA-NA	19337-NA-NA	13012-NA-NA	133-NA-NA	465-NA-NA	1458-NA-NA	20852-NA-NA	7928-NA-NA	1587-NA-NA	1377-NA-NA	1963-NA-NA	20595-NA-NA	633-NA-NA	8936-NA-NA	25475-NA-NA	24638-NA-NA	1621-NA-NA	2942-NA-NA	4160-NA-NA	394-NA-NA	814-NA-NA	2836-NA-NA	985-NA-NA	61850-NA-NA	1245-NA-NA	188694-NA-NA	4520-NA-NA	308-NA-NA	0-NA-NA	6518-NA-NA	1970-NA-NA	1527-NA-NA	22833-NA-NA	897-NA-NA	2665-NA-NA	3319-NA-NA	730-NA-NA	5308-NA-NA	13484-NA-NA	0-NA-NA	2338-NA-NA	727-NA-NA	5747-NA-NA	10411-NA-NA	611-NA-NA	3341-NA-NA	270-NA-NA
2020-04-13	21:59:11	2020-04-13 00:00:00	3583-NA-NA	272-NA-NA	3539-NA-NA	1307-NA-NA	0-NA-NA	21794-NA-NA	7303-NA-NA	12035-NA-NA	1625-NA-NA	0-NA-NA	19337-NA-NA	13012-NA-NA	133-NA-NA	465-NA-NA	1458-NA-NA	20852-NA-NA	7928-NA-NA	1587-NA-NA	1377-NA-NA	1963-NA-NA	20595-NA-NA	633-NA-NA	8936-NA-NA	25475-NA-NA	24638-NA-NA	1621-NA-NA	2942-NA-NA	4160-NA-NA	394-NA-NA	814-NA-NA	2836-NA-NA	985-NA-NA	61850-NA-NA	1245-NA-NA	188694-NA-NA	4520-NA-NA	308-NA-NA	0-NA-NA	6518-NA-NA	1970-NA-NA	1527-NA-NA	22833-NA-NA	897-NA-NA	2665-NA-NA	3319-NA-NA	730-NA-NA	5308-NA-NA	13484-NA-NA	0-NA-NA	2338-NA-NA	727-NA-NA	5747-NA-NA	10411-NA-NA	611-NA-NA	3341-NA-NA	270-NA-NA
2020-04-13	23:41:07	2020-04-13 00:00:00	3583-NA-NA	272-NA-NA	3539-NA-NA	1307-NA-NA	0-NA-NA	21794-NA-NA	7303-NA-NA	12035-NA-NA	1625-NA-NA	0-NA-NA	19337-NA-NA	13012-NA-NA	133-NA-NA	465-NA-NA	1458-NA-NA	20852-NA-NA	7928-NA-NA	1587-NA-NA	1377-NA-NA	1963-NA-NA	20595-NA-NA	633-NA-NA	8936-NA-NA	25475-NA-NA	24638-NA-NA	1621-NA-NA	2942-NA-NA	4160-NA-NA	394-NA-NA	814-NA-NA	2836-NA-NA	985-NA-NA	61850-NA-NA	1245-NA-NA	188694-NA-NA	4520-NA-NA	308-NA-NA	0-NA-NA	6518-NA-NA	1970-NA-NA	1527-NA-NA	22833-NA-NA	897-NA-NA	2665-NA-NA	3319-NA-NA	730-NA-NA	5308-NA-NA	13484-NA-NA	0-NA-NA	2338-NA-NA	727-NA-NA	5747-NA-NA	10411-NA-NA	611-NA-NA	3341-NA-NA	270-NA-NA
2020-04-14	08:41:06	2020-04-13 00:00:00	3583-NA-NA	272-NA-NA	3539-NA-NA	1307-NA-NA	0-NA-NA	21794-NA-NA	7303-NA-NA	12035-NA-NA	1625-NA-NA	0-NA-NA	19337-NA-NA	13012-NA-NA	133-NA-NA	465-NA-NA	1458-NA-NA	20852-NA-NA	7928-NA-NA	1587-NA-NA	1377-NA-NA	1963-NA-NA	20595-NA-NA	633-NA-NA	8936-NA-NA	25475-NA-NA	24638-NA-NA	1621-NA-NA	2942-NA-NA	4160-NA-NA	394-NA-NA	814-NA-NA	2836-NA-NA	985-NA-NA	61850-NA-NA	1245-NA-NA	188694-NA-NA	4520-NA-NA	308-NA-NA	0-NA-NA	6518-NA-NA	1970-NA-NA	1527-NA-NA	22833-NA-NA	897-NA-NA	2665-NA-NA	3319-NA-NA	730-NA-NA	5308-NA-NA	13484-NA-NA	0-NA-NA	2338-NA-NA	727-NA-NA	5747-NA-NA	10411-NA-NA	611-NA-NA	3341-NA-NA	270-NA-NA
2020-04-14	15:41:07	2020-04-13 00:00:00	3583-NA-NA	272-NA-NA	3539-NA-NA	1307-NA-NA	0-NA-NA	21794-NA-NA	7303-NA-NA	12035-NA-NA	1625-NA-NA	0-NA-NA	19337-NA-NA	13012-NA-NA	133-NA-NA	465-NA-NA	1458-NA-NA	20852-NA-NA	7928-NA-NA	1587-NA-NA	1377-NA-NA	1963-NA-NA	20595-NA-NA	633-NA-NA	8936-NA-NA	25475-NA-NA	24638-NA-NA	1621-NA-NA	2942-NA-NA	4160-NA-NA	394-NA-NA	814-NA-NA	2836-NA-NA	985-NA-NA	61850-NA-NA	1245-NA-NA	188694-NA-NA	4520-NA-NA	308-NA-NA	0-NA-NA	6518-NA-NA	1970-NA-NA	1527-NA-NA	22833-NA-NA	897-NA-NA	2665-NA-NA	3319-NA-NA	730-NA-NA	5308-NA-NA	13484-NA-NA	0-NA-NA	2338-NA-NA	727-NA-NA	5747-NA-NA	10411-NA-NA	611-NA-NA	3341-NA-NA	270-NA-NA
2020-04-14	15:50:15	2020-04-14 00:00:00	3803-NA-NA	277-NA-NA	3702-NA-NA	1410-NA-NA	0-NA-NA	22348-NA-NA	7691-NA-NA	13381-NA-NA	1761-NA-NA	0-NA-NA	20394-NA-NA	13621-NA-NA	135-NA-NA	504-NA-NA	1486-NA-NA	22025-NA-NA	8236-NA-NA	1710-NA-NA	1376-NA-NA	2048-NA-NA	21016-NA-NA	698-NA-NA	9472-NA-NA	26867-NA-NA	25635-NA-NA	1695-NA-NA	3087-NA-NA	4388-NA-NA	398-NA-NA	871-NA-NA	2971-NA-NA	1020-NA-NA	64584-NA-NA	1345-NA-NA	195081-NA-NA	4816-NA-NA	331-NA-NA	0-NA-NA	6975-NA-NA	2069-NA-NA	1584-NA-NA	24199-NA-NA	903-NA-NA	2976-NA-NA	3439-NA-NA	868-NA-NA	5610-NA-NA	13906-NA-NA	0-NA-NA	2392-NA-NA	748-NA-NA	6171-NA-NA	10538-NA-NA	626-NA-NA	3428-NA-NA	373-NA-NA
2020-04-14	15:51:44	2020-04-14 00:00:00	3803-NA-NA	277-NA-NA	3702-NA-NA	1410-NA-NA	0-NA-NA	22348-NA-NA	7691-NA-NA	13381-NA-NA	1761-NA-NA	0-NA-NA	20394-NA-NA	13621-NA-NA	135-NA-NA	504-NA-NA	1486-NA-NA	22025-NA-NA	8236-NA-NA	1710-NA-NA	1376-NA-NA	2048-NA-NA	21016-NA-NA	698-NA-NA	9472-NA-NA	26867-NA-NA	25635-NA-NA	1695-NA-NA	3087-NA-NA	4388-NA-NA	398-NA-NA	871-NA-NA	2971-NA-NA	1020-NA-NA	64584-NA-NA	1345-NA-NA	195081-NA-NA	4816-NA-NA	331-NA-NA	0-NA-NA	6975-NA-NA	2069-NA-NA	1584-NA-NA	24199-NA-NA	903-NA-NA	2976-NA-NA	3439-NA-NA	868-NA-NA	5610-NA-NA	13906-NA-NA	0-NA-NA	2392-NA-NA	748-NA-NA	6171-NA-NA	10538-NA-NA	626-NA-NA	3428-NA-NA	373-NA-NA
2020-04-14	15:53:44	2020-04-14 00:00:00	3803-NA-NA	277-NA-NA	3702-NA-NA	1410-NA-NA	0-NA-NA	22348-NA-NA	7691-NA-NA	13381-NA-NA	1761-NA-NA	0-NA-NA	20394-NA-NA	13621-NA-NA	135-NA-NA	504-NA-NA	1486-NA-NA	22025-NA-NA	8236-NA-NA	1710-NA-NA	1376-NA-NA	2048-NA-NA	21016-NA-NA	698-NA-NA	9472-NA-NA	26867-NA-NA	25635-NA-NA	1695-NA-NA	3087-NA-NA	4388-NA-NA	398-NA-NA	871-NA-NA	2971-NA-NA	1020-NA-NA	64584-NA-NA	1345-NA-NA	195081-NA-NA	4816-NA-NA	331-NA-NA	0-NA-NA	6975-NA-NA	2069-NA-NA	1584-NA-NA	24199-NA-NA	903-NA-NA	2976-NA-NA	3439-NA-NA	868-NA-NA	5610-NA-NA	13906-NA-NA	0-NA-NA	2392-NA-NA	748-NA-NA	6171-NA-NA	10538-NA-NA	626-NA-NA	3428-NA-NA	373-NA-NA
2020-04-14	22:37:50	2020-04-14 00:00:00	3803-NA-NA	277-NA-NA	3702-NA-NA	1410-NA-NA	0-NA-NA	22348-NA-NA	7691-NA-NA	13381-NA-NA	1761-NA-NA	0-NA-NA	20394-NA-NA	13621-NA-NA	135-NA-NA	504-NA-NA	1486-NA-NA	22025-NA-NA	8236-NA-NA	1710-NA-NA	1376-NA-NA	2048-NA-NA	21016-NA-NA	698-NA-NA	9472-NA-NA	26867-NA-NA	25635-NA-NA	1695-NA-NA	3087-NA-NA	4388-NA-NA	398-NA-NA	871-NA-NA	2971-NA-NA	1020-NA-NA	64584-NA-NA	1345-NA-NA	195081-NA-NA	4816-NA-NA	331-NA-NA	0-NA-NA	6975-NA-NA	2069-NA-NA	1584-NA-NA	24199-NA-NA	903-NA-NA	2976-NA-NA	3439-NA-NA	868-NA-NA	5610-NA-NA	13906-NA-NA	0-NA-NA	2392-NA-NA	748-NA-NA	6171-NA-NA	10538-NA-NA	626-NA-NA	3428-NA-NA	373-NA-NA
2020-04-14	23:30:36	2020-04-14 00:00:00	3803-NA-NA	277-NA-NA	3702-NA-NA	1410-NA-NA	0-NA-NA	22348-NA-NA	7691-NA-NA	13381-NA-NA	1761-NA-NA	0-NA-NA	20394-NA-NA	13621-NA-NA	135-NA-NA	504-NA-NA	1486-NA-NA	22025-NA-NA	8236-NA-NA	1710-NA-NA	1376-NA-NA	2048-NA-NA	21016-NA-NA	698-NA-NA	9472-NA-NA	26867-NA-NA	25635-NA-NA	1695-NA-NA	3087-NA-NA	4388-NA-NA	398-NA-NA	871-NA-NA	2971-NA-NA	1020-NA-NA	64584-NA-NA	1345-NA-NA	195081-NA-NA	4816-NA-NA	331-NA-NA	0-NA-NA	6975-NA-NA	2069-NA-NA	1584-NA-NA	24199-NA-NA	903-NA-NA	2976-NA-NA	3439-NA-NA	868-NA-NA	5610-NA-NA	13906-NA-NA	0-NA-NA	2392-NA-NA	748-NA-NA	6171-NA-NA	10538-NA-NA	626-NA-NA	3428-NA-NA	373-NA-NA
2020-04-15	08:30:38	2020-04-14 00:00:00	3803-NA-NA	277-NA-NA	3702-NA-NA	1410-NA-NA	0-NA-NA	22348-NA-NA	7691-NA-NA	13381-NA-NA	1761-NA-NA	0-NA-NA	20394-NA-NA	13621-NA-NA	135-NA-NA	504-NA-NA	1486-NA-NA	22025-NA-NA	8236-NA-NA	1710-NA-NA	1376-NA-NA	2048-NA-NA	21016-NA-NA	698-NA-NA	9472-NA-NA	26867-NA-NA	25635-NA-NA	1695-NA-NA	3087-NA-NA	4388-NA-NA	398-NA-NA	871-NA-NA	2971-NA-NA	1020-NA-NA	64584-NA-NA	1345-NA-NA	195081-NA-NA	4816-NA-NA	331-NA-NA	0-NA-NA	6975-NA-NA	2069-NA-NA	1584-NA-NA	24199-NA-NA	903-NA-NA	2976-NA-NA	3439-NA-NA	868-NA-NA	5610-NA-NA	13906-NA-NA	0-NA-NA	2392-NA-NA	748-NA-NA	6171-NA-NA	10538-NA-NA	626-NA-NA	3428-NA-NA	373-NA-NA
2020-04-15	15:30:37	2020-04-15 00:00:00	3953-NA-NA	285-NA-NA	3806-NA-NA	1498-NA-NA	0-NA-NA	23338-NA-NA	7941-NA-NA	13989-NA-NA	1926-NA-NA	0-NA-NA	20984-NA-NA	14766-NA-NA	135-NA-NA	517-NA-NA	1486-NA-NA	23247-NA-NA	8527-NA-NA	1899-NA-NA	1477-NA-NA	2210-NA-NA	21518-NA-NA	734-NA-NA	10032-NA-NA	28163-NA-NA	27001-NA-NA	1809-NA-NA	3360-NA-NA	4686-NA-NA	404-NA-NA	901-NA-NA	3088-NA-NA	1091-NA-NA	68824-NA-NA	1407-NA-NA	201834-NA-NA	5024-NA-NA	341-NA-NA	0-NA-NA	7280-NA-NA	2209-NA-NA	1633-NA-NA	25345-NA-NA	923-NA-NA	3369-NA-NA	3553-NA-NA	1168-NA-NA	5823-NA-NA	14624-NA-NA	0-NA-NA	2453-NA-NA	750-NA-NA	6500-NA-NA	10694-NA-NA	694-NA-NA	3555-NA-NA	494-NA-NA