date	time	source_timestamp	Afghanistan	Albania	Algeria	Andorra	Angola	Antigua and Barbuda	Argentina	Armenia	Australia - Australian Capital Territory	Australia - New South Wales	Australia - Northern Territory	Australia - Queensland	Australia - South Australia	Australia - Tasmania	Australia - Victoria	Australia - Western Australia	Austria	Azerbaijan	Bahamas	Bahrain	Bangladesh	Barbados	Belarus	Belgium	Benin	Bhutan	Bolivia	Bosnia and Herzegovina	Brazil	Brunei	Bulgaria	Burkina Faso	Cabo Verde	Cambodia	Cameroon	Canada - Alberta	Canada - British Columbia	Canada - Grand Princess	Canada - Manitoba	Canada - New Brunswick	Canada - Newfoundland and Labrador	Canada - Nova Scotia	Canada - Ontario	Canada - Prince Edward Island	Canada - Quebec	Canada - Saskatchewan	Central African Republic	Chad	Chile	China - Anhui	China - Beijing	China - Chongqing	China - Fujian	China - Gansu	China - Guangdong	China - Guangxi	China - Guizhou	China - Hainan	China - Hebei	China - Heilongjiang	China - Henan	China - Hong Kong	China - Hubei	China - Hunan	China - Inner Mongolia	China - Jiangsu	China - Jiangxi	China - Jilin	China - Liaoning	China - Macau	China - Ningxia	China - Qinghai	China - Shaanxi	China - Shandong	China - Shanghai	China - Shanxi	China - Sichuan	China - Tianjin	China - Tibet	China - Xinjiang	China - Yunnan	China - Zhejiang	Colombia	Congo (Brazzaville)	Congo (Kinshasa)	Costa Rica	Cote d'Ivoire	Croatia	Cruise Ship - Diamond Princess	Cuba	Cyprus	Czechia	Denmark - Faroe Islands	Denmark - Greenland	Denmark	Djibouti	Dominican Republic	Ecuador	Egypt	El Salvador	Equatorial Guinea	Eritrea	Estonia	Eswatini	Ethiopia	Fiji	Finland	France - French Guiana	France - French Polynesia	France - Guadeloupe	France - Mayotte	France - New Caledonia	France - Reunion	France - Saint Barthelemy	France - St Martin	France - Martinique	France	Gabon	Gambia	Georgia	Germany	Ghana	Greece	Guatemala	Guinea	Guyana	Haiti	Holy See	Honduras	Hungary	Iceland	India	Indonesia	Iran	Iraq	Ireland	Israel	Italy	Jamaica	Japan	Jordan	Kazakhstan	Kenya	Korea	Kuwait	Kyrgyzstan	Latvia	Lebanon	Liberia	Liechtenstein	Lithuania	Luxembourg	Madagascar	Malaysia	Maldives	Malta	Mauritania	Mauritius	Mexico	Moldova	Monaco	Mongolia	Montenegro	Morocco	Namibia	Nepal	Netherlands - Aruba	Netherlands - Curacao	Netherlands - Sint Maarten	Netherlands	New Zealand	Nicaragua	Niger	Nigeria	North Macedonia	Norway	Oman	Pakistan	Panama	Papua New Guinea	Paraguay	Peru	Philippines	Poland	Portugal	Qatar	Romania	Russia	Rwanda	Saint Lucia	Saint Vincent and the Grenadines	San Marino	Saudi Arabia	Senegal	Serbia	Seychelles	Singapore	Slovakia	Slovenia	Somalia	South Africa	Spain	Sri Lanka	Sudan	Suriname	Sweden	Switzerland	Taiwan*	Tanzania	Thailand	Togo	Trinidad and Tobago	Tunisia	Turkey	Uganda	Ukraine	United Arab Emirates	United Kingdom - Bermuda	United Kingdom - Cayman Islands	United Kingdom - Channel Islands	United Kingdom - Gibraltar	United Kingdom - Isle of Man	United Kingdom - Montserrat	United Kingdom	Uruguay	US	Uzbekistan	Venezuela	Vietnam	Zambia	Zimbabwe	Canada - Diamond Princess	Dominica	Grenada	Mozambique	Syria	Timor-Leste	Belize
2020-03-28	00:00:00	NA	110-4-NA	186-8-NA	409-26-NA	267-3-NA	4-0-NA	7-0-NA	589-13-NA	329-1-NA	62-0-NA	1405-7-NA	12-0-NA	555-1-NA	257-0-NA	47-0-NA	574-3-NA	231-2-NA	7657-58-NA	165-3-NA	10-0-NA	466-4-NA	48-5-NA	24-0-NA	94-0-NA	7284-289-NA	6-0-NA	3-0-NA	61-0-NA	237-4-NA	3417-92-NA	115-0-NA	293-3-NA	180-9-NA	5-1-NA	99-0-NA	91-2-NA	542-2-NA	725-14-NA	13-0-NA	39-1-NA	45-0-NA	102-0-NA	90-0-NA	994-18-NA	9-0-NA	2024-18-NA	95-0-NA	3-0-NA	3-0-NA	1610-5-NA	990-6-NA	569-8-NA	578-6-NA	331-1-NA	136-2-NA	1456-8-NA	254-2-NA	146-2-NA	168-6-NA	319-6-NA	484-13-NA	1275-22-NA	519-4-NA	67801-3174-NA	1018-4-NA	92-1-NA	641-0-NA	936-1-NA	95-1-NA	128-2-NA	33-0-NA	75-0-NA	18-0-NA	253-3-NA	772-7-NA	468-5-NA	135-0-NA	548-3-NA	155-3-NA	1-0-NA	76-3-NA	180-2-NA	1247-1-NA	539-6-NA	4-0-NA	51-3-NA	263-2-NA	101-0-NA	586-3-NA	0-0-NA	80-2-NA	162-5-NA	2279-9-NA	144-0-NA	10-0-NA	2046-52-NA	12-0-NA	581-20-NA	1595-36-NA	536-30-NA	13-0-NA	12-0-NA	6-0-NA	575-1-NA	9-0-NA	16-0-NA	5-0-NA	1041-7-NA	28-0-NA	30-0-NA	73-1-NA	50-0-NA	15-0-NA	145-0-NA	5-0-NA	11-0-NA	81-1-NA	32964-1995-NA	7-1-NA	3-1-NA	83-0-NA	50871-342-NA	137-4-NA	966-28-NA	28-1-NA	8-0-NA	5-1-NA	8-0-NA	4-0-NA	68-1-NA	300-10-NA	890-2-NA	887-20-NA	1046-87-NA	32332-2378-NA	458-40-NA	2121-22-NA	3035-12-NA	86498-9134-NA	26-1-NA	1468-49-NA	235-1-NA	150-1-NA	31-1-NA	9332-139-NA	225-0-NA	58-0-NA	280-0-NA	391-8-NA	3-0-NA	56-0-NA	358-5-NA	1605-15-NA	26-0-NA	2161-26-NA	16-0-NA	139-0-NA	3-0-NA	94-2-NA	585-8-NA	199-2-NA	42-0-NA	11-0-NA	82-1-NA	345-23-NA	8-0-NA	4-0-NA	33-0-NA	8-1-NA	3-0-NA	8603-546-NA	368-0-NA	2-1-NA	10-1-NA	70-1-NA	219-3-NA	3755-19-NA	131-0-NA	1373-11-NA	674-9-NA	1-0-NA	52-3-NA	635-11-NA	803-54-NA	1389-16-NA	4268-76-NA	562-0-NA	1292-26-NA	1036-4-NA	54-0-NA	3-0-NA	1-0-NA	223-21-NA	1104-3-NA	119-0-NA	457-1-NA	7-0-NA	732-2-NA	269-0-NA	632-9-NA	3-0-NA	1170-1-NA	65719-5138-NA	106-0-NA	3-1-NA	8-0-NA	3069-105-NA	12928-231-NA	267-2-NA	13-0-NA	1136-5-NA	25-1-NA	66-2-NA	227-6-NA	5698-92-NA	23-0-NA	310-5-NA	405-2-NA	17-0-NA	8-1-NA	88-1-NA	55-0-NA	29-0-NA	5-0-NA	14543-759-NA	238-0-NA	101657-1581-NA	88-1-NA	107-1-NA	163-0-NA	22-0-NA	5-1-NA	0-1-NA	11-0-NA	7-0-NA	7-0-NA	5-0-NA	1-0-NA	2-0-NA
2020-03-28	00:00:00	NA	110-4-NA	186-8-NA	409-26-NA	267-3-NA	4-0-NA	7-0-NA	589-13-NA	329-1-NA	62-0-NA	1405-7-NA	12-0-NA	555-1-NA	257-0-NA	47-0-NA	574-3-NA	231-2-NA	7657-58-NA	165-3-NA	10-0-NA	466-4-NA	48-5-NA	24-0-NA	94-0-NA	7284-289-NA	6-0-NA	3-0-NA	61-0-NA	237-4-NA	3417-92-NA	115-0-NA	293-3-NA	180-9-NA	5-1-NA	99-0-NA	91-2-NA	542-2-NA	725-14-NA	13-0-NA	39-1-NA	45-0-NA	102-0-NA	90-0-NA	994-18-NA	9-0-NA	2024-18-NA	95-0-NA	3-0-NA	3-0-NA	1610-5-NA	990-6-NA	569-8-NA	578-6-NA	331-1-NA	136-2-NA	1456-8-NA	254-2-NA	146-2-NA	168-6-NA	319-6-NA	484-13-NA	1275-22-NA	519-4-NA	67801-3174-NA	1018-4-NA	92-1-NA	641-0-NA	936-1-NA	95-1-NA	128-2-NA	33-0-NA	75-0-NA	18-0-NA	253-3-NA	772-7-NA	468-5-NA	135-0-NA	548-3-NA	155-3-NA	1-0-NA	76-3-NA	180-2-NA	1247-1-NA	539-6-NA	4-0-NA	51-3-NA	263-2-NA	101-0-NA	586-3-NA	0-0-NA	80-2-NA	162-5-NA	2279-9-NA	144-0-NA	10-0-NA	2046-52-NA	12-0-NA	581-20-NA	1595-36-NA	536-30-NA	13-0-NA	12-0-NA	6-0-NA	575-1-NA	9-0-NA	16-0-NA	5-0-NA	1041-7-NA	28-0-NA	30-0-NA	73-1-NA	50-0-NA	15-0-NA	145-0-NA	5-0-NA	11-0-NA	81-1-NA	32964-1995-NA	7-1-NA	3-1-NA	83-0-NA	50871-342-NA	137-4-NA	966-28-NA	28-1-NA	8-0-NA	5-1-NA	8-0-NA	4-0-NA	68-1-NA	300-10-NA	890-2-NA	887-20-NA	1046-87-NA	32332-2378-NA	458-40-NA	2121-22-NA	3035-12-NA	86498-9134-NA	26-1-NA	1468-49-NA	235-1-NA	150-1-NA	31-1-NA	9332-139-NA	225-0-NA	58-0-NA	280-0-NA	391-8-NA	3-0-NA	56-0-NA	358-5-NA	1605-15-NA	26-0-NA	2161-26-NA	16-0-NA	139-0-NA	3-0-NA	94-2-NA	585-8-NA	199-2-NA	42-0-NA	11-0-NA	82-1-NA	345-23-NA	8-0-NA	4-0-NA	33-0-NA	8-1-NA	3-0-NA	8603-546-NA	368-0-NA	2-1-NA	10-1-NA	70-1-NA	219-3-NA	3755-19-NA	131-0-NA	1373-11-NA	674-9-NA	1-0-NA	52-3-NA	635-11-NA	803-54-NA	1389-16-NA	4268-76-NA	562-0-NA	1292-26-NA	1036-4-NA	54-0-NA	3-0-NA	1-0-NA	223-21-NA	1104-3-NA	119-0-NA	457-1-NA	7-0-NA	732-2-NA	269-0-NA	632-9-NA	3-0-NA	1170-1-NA	65719-5138-NA	106-0-NA	3-1-NA	8-0-NA	3069-105-NA	12928-231-NA	267-2-NA	13-0-NA	1136-5-NA	25-1-NA	66-2-NA	227-6-NA	5698-92-NA	23-0-NA	310-5-NA	405-2-NA	17-0-NA	8-1-NA	88-1-NA	55-0-NA	29-0-NA	5-0-NA	14543-759-NA	238-0-NA	101657-1581-NA	88-1-NA	107-1-NA	163-0-NA	22-0-NA	5-1-NA	0-1-NA	11-0-NA	7-0-NA	7-0-NA	5-0-NA	1-0-NA	2-0-NA
2020-03-28	00:00:00	NA	110-4-NA	186-8-NA	409-26-NA	267-3-NA	4-0-NA	7-0-NA	589-13-NA	329-1-NA	62-0-NA	1405-7-NA	12-0-NA	555-1-NA	257-0-NA	47-0-NA	574-3-NA	231-2-NA	7657-58-NA	165-3-NA	10-0-NA	466-4-NA	48-5-NA	24-0-NA	94-0-NA	7284-289-NA	6-0-NA	3-0-NA	61-0-NA	237-4-NA	3417-92-NA	115-0-NA	293-3-NA	180-9-NA	5-1-NA	99-0-NA	91-2-NA	542-2-NA	725-14-NA	13-0-NA	39-1-NA	45-0-NA	102-0-NA	90-0-NA	994-18-NA	9-0-NA	2024-18-NA	95-0-NA	3-0-NA	3-0-NA	1610-5-NA	990-6-NA	569-8-NA	578-6-NA	331-1-NA	136-2-NA	1456-8-NA	254-2-NA	146-2-NA	168-6-NA	319-6-NA	484-13-NA	1275-22-NA	519-4-NA	67801-3174-NA	1018-4-NA	92-1-NA	641-0-NA	936-1-NA	95-1-NA	128-2-NA	33-0-NA	75-0-NA	18-0-NA	253-3-NA	772-7-NA	468-5-NA	135-0-NA	548-3-NA	155-3-NA	1-0-NA	76-3-NA	180-2-NA	1247-1-NA	539-6-NA	4-0-NA	51-3-NA	263-2-NA	101-0-NA	586-3-NA	0-0-NA	80-2-NA	162-5-NA	2279-9-NA	144-0-NA	10-0-NA	2046-52-NA	12-0-NA	581-20-NA	1595-36-NA	536-30-NA	13-0-NA	12-0-NA	6-0-NA	575-1-NA	9-0-NA	16-0-NA	5-0-NA	1041-7-NA	28-0-NA	30-0-NA	73-1-NA	50-0-NA	15-0-NA	145-0-NA	5-0-NA	11-0-NA	81-1-NA	32964-1995-NA	7-1-NA	3-1-NA	83-0-NA	50871-342-NA	137-4-NA	966-28-NA	28-1-NA	8-0-NA	5-1-NA	8-0-NA	4-0-NA	68-1-NA	300-10-NA	890-2-NA	887-20-NA	1046-87-NA	32332-2378-NA	458-40-NA	2121-22-NA	3035-12-NA	86498-9134-NA	26-1-NA	1468-49-NA	235-1-NA	150-1-NA	31-1-NA	9332-139-NA	225-0-NA	58-0-NA	280-0-NA	391-8-NA	3-0-NA	56-0-NA	358-5-NA	1605-15-NA	26-0-NA	2161-26-NA	16-0-NA	139-0-NA	3-0-NA	94-2-NA	585-8-NA	199-2-NA	42-0-NA	11-0-NA	82-1-NA	345-23-NA	8-0-NA	4-0-NA	33-0-NA	8-1-NA	3-0-NA	8603-546-NA	368-0-NA	2-1-NA	10-1-NA	70-1-NA	219-3-NA	3755-19-NA	131-0-NA	1373-11-NA	674-9-NA	1-0-NA	52-3-NA	635-11-NA	803-54-NA	1389-16-NA	4268-76-NA	562-0-NA	1292-26-NA	1036-4-NA	54-0-NA	3-0-NA	1-0-NA	223-21-NA	1104-3-NA	119-0-NA	457-1-NA	7-0-NA	732-2-NA	269-0-NA	632-9-NA	3-0-NA	1170-1-NA	65719-5138-NA	106-0-NA	3-1-NA	8-0-NA	3069-105-NA	12928-231-NA	267-2-NA	13-0-NA	1136-5-NA	25-1-NA	66-2-NA	227-6-NA	5698-92-NA	23-0-NA	310-5-NA	405-2-NA	17-0-NA	8-1-NA	88-1-NA	55-0-NA	29-0-NA	5-0-NA	14543-759-NA	238-0-NA	101657-1581-NA	88-1-NA	107-1-NA	163-0-NA	22-0-NA	5-1-NA	0-1-NA	11-0-NA	7-0-NA	7-0-NA	5-0-NA	1-0-NA	2-0-NA
2020-03-29	19:26:15	NA	120-4-NA	212-10-NA	511-31-NA	334-6-NA	7-2-NA	7-0-NA	745-19-NA	424-3-NA	77-0-NA	1791-8-NA	15-0-NA	656-2-NA	299-0-NA	66-0-NA	769-4-NA	311-2-NA	8788-86-NA	209-4-NA	11-0-NA	499-4-NA	48-5-NA	33-0-NA	94-0-NA	10836-431-NA	6-0-NA	4-0-NA	81-1-NA	323-6-NA	4256-136-NA	126-1-NA	346-8-NA	222-12-NA	6-1-NA	103-0-NA	139-6-NA	621-2-NA	884-17-NA	13-0-NA	72-1-NA	66-0-NA	135-0-NA	122-0-NA	1355-21-NA	11-0-NA	2840-22-NA	156-0-NA	3-0-NA	3-0-NA	2139-7-NA	990-6-NA	577-8-NA	579-6-NA	338-1-NA	138-2-NA	1475-8-NA	254-2-NA	146-2-NA	168-6-NA	319-6-NA	484-13-NA	1276-22-NA	641-4-NA	67801-3182-NA	1018-4-NA	95-1-NA	644-0-NA	937-1-NA	98-1-NA	134-2-NA	37-0-NA	75-0-NA	18-0-NA	253-3-NA	772-7-NA	492-5-NA	136-0-NA	550-3-NA	166-3-NA	1-0-NA	76-3-NA	180-2-NA	1254-1-NA	702-10-NA	19-0-NA	65-6-NA	314-2-NA	165-1-NA	713-6-NA	0-0-NA	139-3-NA	214-5-NA	2817-16-NA	159-0-NA	10-0-NA	2395-72-NA	18-0-NA	859-39-NA	1924-58-NA	609-40-NA	24-0-NA	12-0-NA	12-0-NA	679-3-NA	9-0-NA	21-0-NA	5-0-NA	1240-11-NA	28-0-NA	30-0-NA	106-4-NA	63-0-NA	15-0-NA	183-0-NA	5-0-NA	11-0-NA	93-1-NA	40174-2606-NA	7-1-NA	4-1-NA	91-0-NA	62095-533-NA	152-5-NA	1156-38-NA	34-1-NA	16-0-NA	8-1-NA	15-0-NA	6-0-NA	110-3-NA	408-13-NA	1020-2-NA	1024-27-NA	1285-114-NA	38309-2640-NA	547-42-NA	2615-46-NA	4247-15-NA	97689-10779-NA	32-1-NA	1866-54-NA	259-3-NA	284-1-NA	42-1-NA	9583-152-NA	255-0-NA	84-0-NA	347-0-NA	438-10-NA	3-0-NA	56-0-NA	460-7-NA	1950-21-NA	39-0-NA	2470-35-NA	17-0-NA	151-0-NA	5-0-NA	107-3-NA	848-16-NA	263-2-NA	46-1-NA	12-0-NA	85-1-NA	479-26-NA	11-0-NA	5-0-NA	50-0-NA	8-1-NA	6-0-NA	10866-771-NA	514-1-NA	4-1-NA	18-1-NA	111-1-NA	259-6-NA	4284-25-NA	167-0-NA	1597-14-NA	901-17-NA	1-0-NA	59-3-NA	852-18-NA	1418-71-NA	1862-22-NA	5962-119-NA	634-1-NA	1815-43-NA	1534-8-NA	70-0-NA	9-0-NA	1-0-NA	224-22-NA	1299-8-NA	142-0-NA	741-13-NA	8-0-NA	844-3-NA	314-0-NA	730-11-NA	3-0-NA	1280-2-NA	80110-6803-NA	117-1-NA	6-1-NA	8-0-NA	3700-110-NA	14829-300-NA	298-2-NA	14-0-NA	1388-7-NA	25-1-NA	78-3-NA	312-8-NA	9217-131-NA	33-0-NA	475-10-NA	570-3-NA	22-0-NA	8-1-NA	108-2-NA	65-0-NA	42-0-NA	5-0-NA	19522-1228-NA	304-1-NA	140886-2467-NA	144-2-NA	119-2-NA	188-0-NA	29-0-NA	7-1-NA	0-1-NA	11-0-NA	9-0-NA	8-0-NA	9-1-NA	1-0-NA	2-0-NA
2020-03-30	17:35:10	2020-03-30 17:35:10	120-4-NA	212-10-NA	511-31-NA	334-6-NA	7-2-NA	7-0-NA	745-19-NA	424-3-NA	77-0-NA	1791-8-NA	15-0-NA	656-2-NA	299-0-NA	66-0-NA	769-4-NA	311-2-NA	8788-86-NA	209-4-NA	11-0-NA	499-4-NA	48-5-NA	33-0-NA	94-0-NA	10836-431-NA	6-0-NA	4-0-NA	81-1-NA	323-6-NA	4256-136-NA	126-1-NA	346-8-NA	222-12-NA	6-1-NA	103-0-NA	139-6-NA	621-2-NA	884-17-NA	13-0-NA	72-1-NA	66-0-NA	135-0-NA	122-0-NA	1355-21-NA	11-0-NA	2840-22-NA	156-0-NA	3-0-NA	3-0-NA	2139-7-NA	990-6-NA	577-8-NA	579-6-NA	338-1-NA	138-2-NA	1475-8-NA	254-2-NA	146-2-NA	168-6-NA	319-6-NA	484-13-NA	1276-22-NA	641-4-NA	67801-3182-NA	1018-4-NA	95-1-NA	644-0-NA	937-1-NA	98-1-NA	134-2-NA	37-0-NA	75-0-NA	18-0-NA	253-3-NA	772-7-NA	492-5-NA	136-0-NA	550-3-NA	166-3-NA	1-0-NA	76-3-NA	180-2-NA	1254-1-NA	702-10-NA	19-0-NA	65-6-NA	314-2-NA	165-1-NA	713-6-NA	0-0-NA	139-3-NA	214-5-NA	2817-16-NA	159-0-NA	10-0-NA	2395-72-NA	18-0-NA	859-39-NA	1924-58-NA	609-40-NA	24-0-NA	12-0-NA	12-0-NA	679-3-NA	9-0-NA	21-0-NA	5-0-NA	1240-11-NA	28-0-NA	30-0-NA	106-4-NA	63-0-NA	15-0-NA	183-0-NA	5-0-NA	11-0-NA	93-1-NA	40174-2606-NA	7-1-NA	4-1-NA	91-0-NA	62095-533-NA	152-5-NA	1156-38-NA	34-1-NA	16-0-NA	8-1-NA	15-0-NA	6-0-NA	110-3-NA	408-13-NA	1020-2-NA	1024-27-NA	1285-114-NA	38309-2640-NA	547-42-NA	2615-46-NA	4247-15-NA	97689-10779-NA	32-1-NA	1866-54-NA	259-3-NA	284-1-NA	42-1-NA	9583-152-NA	255-0-NA	84-0-NA	347-0-NA	438-10-NA	3-0-NA	56-0-NA	460-7-NA	1950-21-NA	39-0-NA	2470-35-NA	17-0-NA	151-0-NA	5-0-NA	107-3-NA	848-16-NA	263-2-NA	46-1-NA	12-0-NA	85-1-NA	479-26-NA	11-0-NA	5-0-NA	50-0-NA	8-1-NA	6-0-NA	10866-771-NA	514-1-NA	4-1-NA	18-1-NA	111-1-NA	259-6-NA	4284-25-NA	167-0-NA	1597-14-NA	901-17-NA	1-0-NA	59-3-NA	852-18-NA	1418-71-NA	1862-22-NA	5962-119-NA	634-1-NA	1815-43-NA	1534-8-NA	70-0-NA	9-0-NA	1-0-NA	224-22-NA	1299-8-NA	142-0-NA	741-13-NA	8-0-NA	844-3-NA	314-0-NA	730-11-NA	3-0-NA	1280-2-NA	80110-6803-NA	117-1-NA	6-1-NA	8-0-NA	3700-110-NA	14829-300-NA	298-2-NA	14-0-NA	1388-7-NA	25-1-NA	78-3-NA	312-8-NA	9217-131-NA	33-0-NA	475-10-NA	570-3-NA	22-0-NA	8-1-NA	108-2-NA	65-0-NA	42-0-NA	5-0-NA	19522-1228-NA	304-1-NA	140886-2467-NA	144-2-NA	119-2-NA	188-0-NA	29-0-NA	7-1-NA	0-1-NA	11-0-NA	9-0-NA	8-0-NA	9-1-NA	1-0-NA	2-0-NA

2020-03-30	18:05:27	2020-03-30 18:05:27	120-4-NA	212-10-NA	511-31-NA	334-6-NA	7-2-NA	7-0-NA	745-19-NA	424-3-NA	77-0-NA	1791-8-NA	15-0-NA	656-2-NA	299-0-NA	66-0-NA	769-4-NA	311-2-NA	8788-86-NA	209-4-NA	11-0-NA	499-4-NA	48-5-NA	33-0-NA	94-0-NA	10836-431-NA	6-0-NA	4-0-NA	81-1-NA	323-6-NA	4256-136-NA	126-1-NA	346-8-NA	222-12-NA	6-1-NA	103-0-NA	139-6-NA	621-2-NA	884-17-NA	13-0-NA	72-1-NA	66-0-NA	135-0-NA	122-0-NA	1355-21-NA	11-0-NA	2840-22-NA	156-0-NA	3-0-NA	3-0-NA	2139-7-NA	990-6-NA	577-8-NA	579-6-NA	338-1-NA	138-2-NA	1475-8-NA	254-2-NA	146-2-NA	168-6-NA	319-6-NA	484-13-NA	1276-22-NA	641-4-NA	67801-3182-NA	1018-4-NA	95-1-NA	644-0-NA	937-1-NA	98-1-NA	134-2-NA	37-0-NA	75-0-NA	18-0-NA	253-3-NA	772-7-NA	492-5-NA	136-0-NA	550-3-NA	166-3-NA	1-0-NA	76-3-NA	180-2-NA	1254-1-NA	702-10-NA	19-0-NA	65-6-NA	314-2-NA	165-1-NA	713-6-NA	0-0-NA	139-3-NA	214-5-NA	2817-16-NA	159-0-NA	10-0-NA	2395-72-NA	18-0-NA	859-39-NA	1924-58-NA	609-40-NA	24-0-NA	12-0-NA	12-0-NA	679-3-NA	9-0-NA	21-0-NA	5-0-NA	1240-11-NA	28-0-NA	30-0-NA	106-4-NA	63-0-NA	15-0-NA	183-0-NA	5-0-NA	11-0-NA	93-1-NA	40174-2606-NA	7-1-NA	4-1-NA	91-0-NA	62095-533-NA	152-5-NA	1156-38-NA	34-1-NA	16-0-NA	8-1-NA	15-0-NA	6-0-NA	110-3-NA	408-13-NA	1020-2-NA	1024-27-NA	1285-114-NA	38309-2640-NA	547-42-NA	2615-46-NA	4247-15-NA	97689-10779-NA	32-1-NA	1866-54-NA	259-3-NA	284-1-NA	42-1-NA	9583-152-NA	255-0-NA	84-0-NA	347-0-NA	438-10-NA	3-0-NA	56-0-NA	460-7-NA	1950-21-NA	39-0-NA	2470-35-NA	17-0-NA	151-0-NA	5-0-NA	107-3-NA	848-16-NA	263-2-NA	46-1-NA	12-0-NA	85-1-NA	479-26-NA	11-0-NA	5-0-NA	50-0-NA	8-1-NA	6-0-NA	10866-771-NA	514-1-NA	4-1-NA	18-1-NA	111-1-NA	259-6-NA	4284-25-NA	167-0-NA	1597-14-NA	901-17-NA	1-0-NA	59-3-NA	852-18-NA	1418-71-NA	1862-22-NA	5962-119-NA	634-1-NA	1815-43-NA	1534-8-NA	70-0-NA	9-0-NA	1-0-NA	224-22-NA	1299-8-NA	142-0-NA	741-13-NA	8-0-NA	844-3-NA	314-0-NA	730-11-NA	3-0-NA	1280-2-NA	80110-6803-NA	117-1-NA	6-1-NA	8-0-NA	3700-110-NA	14829-300-NA	298-2-NA	14-0-NA	1388-7-NA	25-1-NA	78-3-NA	312-8-NA	9217-131-NA	33-0-NA	475-10-NA	570-3-NA	22-0-NA	8-1-NA	108-2-NA	65-0-NA	42-0-NA	5-0-NA	19522-1228-NA	304-1-NA	140886-2467-NA	144-2-NA	119-2-NA	188-0-NA	29-0-NA	7-1-NA	0-1-NA	11-0-NA	9-0-NA	8-0-NA	9-1-NA	1-0-NA	2-0-NA
2020-03-30	18:12:28	2020-03-30 18:12:28	120-4-NA	212-10-NA	511-31-NA	334-6-NA	7-2-NA	7-0-NA	745-19-NA	424-3-NA	77-0-NA	1791-8-NA	15-0-NA	656-2-NA	299-0-NA	66-0-NA	769-4-NA	311-2-NA	8788-86-NA	209-4-NA	11-0-NA	499-4-NA	48-5-NA	33-0-NA	94-0-NA	10836-431-NA	6-0-NA	4-0-NA	81-1-NA	323-6-NA	4256-136-NA	126-1-NA	346-8-NA	222-12-NA	6-1-NA	103-0-NA	139-6-NA	621-2-NA	884-17-NA	13-0-NA	72-1-NA	66-0-NA	135-0-NA	122-0-NA	1355-21-NA	11-0-NA	2840-22-NA	156-0-NA	3-0-NA	3-0-NA	2139-7-NA	990-6-NA	577-8-NA	579-6-NA	338-1-NA	138-2-NA	1475-8-NA	254-2-NA	146-2-NA	168-6-NA	319-6-NA	484-13-NA	1276-22-NA	641-4-NA	67801-3182-NA	1018-4-NA	95-1-NA	644-0-NA	937-1-NA	98-1-NA	134-2-NA	37-0-NA	75-0-NA	18-0-NA	253-3-NA	772-7-NA	492-5-NA	136-0-NA	550-3-NA	166-3-NA	1-0-NA	76-3-NA	180-2-NA	1254-1-NA	702-10-NA	19-0-NA	65-6-NA	314-2-NA	165-1-NA	713-6-NA	0-0-NA	139-3-NA	214-5-NA	2817-16-NA	159-0-NA	10-0-NA	2395-72-NA	18-0-NA	859-39-NA	1924-58-NA	609-40-NA	24-0-NA	12-0-NA	12-0-NA	679-3-NA	9-0-NA	21-0-NA	5-0-NA	1240-11-NA	28-0-NA	30-0-NA	106-4-NA	63-0-NA	15-0-NA	183-0-NA	5-0-NA	11-0-NA	93-1-NA	40174-2606-NA	7-1-NA	4-1-NA	91-0-NA	62095-533-NA	152-5-NA	1156-38-NA	34-1-NA	16-0-NA	8-1-NA	15-0-NA	6-0-NA	110-3-NA	408-13-NA	1020-2-NA	1024-27-NA	1285-114-NA	38309-2640-NA	547-42-NA	2615-46-NA	4247-15-NA	97689-10779-NA	32-1-NA	1866-54-NA	259-3-NA	284-1-NA	42-1-NA	9583-152-NA	255-0-NA	84-0-NA	347-0-NA	438-10-NA	3-0-NA	56-0-NA	460-7-NA	1950-21-NA	39-0-NA	2470-35-NA	17-0-NA	151-0-NA	5-0-NA	107-3-NA	848-16-NA	263-2-NA	46-1-NA	12-0-NA	85-1-NA	479-26-NA	11-0-NA	5-0-NA	50-0-NA	8-1-NA	6-0-NA	10866-771-NA	514-1-NA	4-1-NA	18-1-NA	111-1-NA	259-6-NA	4284-25-NA	167-0-NA	1597-14-NA	901-17-NA	1-0-NA	59-3-NA	852-18-NA	1418-71-NA	1862-22-NA	5962-119-NA	634-1-NA	1815-43-NA	1534-8-NA	70-0-NA	9-0-NA	1-0-NA	224-22-NA	1299-8-NA	142-0-NA	741-13-NA	8-0-NA	844-3-NA	314-0-NA	730-11-NA	3-0-NA	1280-2-NA	80110-6803-NA	117-1-NA	6-1-NA	8-0-NA	3700-110-NA	14829-300-NA	298-2-NA	14-0-NA	1388-7-NA	25-1-NA	78-3-NA	312-8-NA	9217-131-NA	33-0-NA	475-10-NA	570-3-NA	22-0-NA	8-1-NA	108-2-NA	65-0-NA	42-0-NA	5-0-NA	19522-1228-NA	304-1-NA	140886-2467-NA	144-2-NA	119-2-NA	188-0-NA	29-0-NA	7-1-NA	0-1-NA	11-0-NA	9-0-NA	8-0-NA	9-1-NA	1-0-NA	2-0-NA
2020-03-30	18:18:12	2020-03-30 18:18:12	120-4-NA	212-10-NA	511-31-NA	334-6-NA	7-2-NA	7-0-NA	745-19-NA	424-3-NA	77-0-NA	1791-8-NA	15-0-NA	656-2-NA	299-0-NA	66-0-NA	769-4-NA	311-2-NA	8788-86-NA	209-4-NA	11-0-NA	499-4-NA	48-5-NA	33-0-NA	94-0-NA	10836-431-NA	6-0-NA	4-0-NA	81-1-NA	323-6-NA	4256-136-NA	126-1-NA	346-8-NA	222-12-NA	6-1-NA	103-0-NA	139-6-NA	621-2-NA	884-17-NA	13-0-NA	72-1-NA	66-0-NA	135-0-NA	122-0-NA	1355-21-NA	11-0-NA	2840-22-NA	156-0-NA	3-0-NA	3-0-NA	2139-7-NA	990-6-NA	577-8-NA	579-6-NA	338-1-NA	138-2-NA	1475-8-NA	254-2-NA	146-2-NA	168-6-NA	319-6-NA	484-13-NA	1276-22-NA	641-4-NA	67801-3182-NA	1018-4-NA	95-1-NA	644-0-NA	937-1-NA	98-1-NA	134-2-NA	37-0-NA	75-0-NA	18-0-NA	253-3-NA	772-7-NA	492-5-NA	136-0-NA	550-3-NA	166-3-NA	1-0-NA	76-3-NA	180-2-NA	1254-1-NA	702-10-NA	19-0-NA	65-6-NA	314-2-NA	165-1-NA	713-6-NA	0-0-NA	139-3-NA	214-5-NA	2817-16-NA	159-0-NA	10-0-NA	2395-72-NA	18-0-NA	859-39-NA	1924-58-NA	609-40-NA	24-0-NA	12-0-NA	12-0-NA	679-3-NA	9-0-NA	21-0-NA	5-0-NA	1240-11-NA	28-0-NA	30-0-NA	106-4-NA	63-0-NA	15-0-NA	183-0-NA	5-0-NA	11-0-NA	93-1-NA	40174-2606-NA	7-1-NA	4-1-NA	91-0-NA	62095-533-NA	152-5-NA	1156-38-NA	34-1-NA	16-0-NA	8-1-NA	15-0-NA	6-0-NA	110-3-NA	408-13-NA	1020-2-NA	1024-27-NA	1285-114-NA	38309-2640-NA	547-42-NA	2615-46-NA	4247-15-NA	97689-10779-NA	32-1-NA	1866-54-NA	259-3-NA	284-1-NA	42-1-NA	9583-152-NA	255-0-NA	84-0-NA	347-0-NA	438-10-NA	3-0-NA	56-0-NA	460-7-NA	1950-21-NA	39-0-NA	2470-35-NA	17-0-NA	151-0-NA	5-0-NA	107-3-NA	848-16-NA	263-2-NA	46-1-NA	12-0-NA	85-1-NA	479-26-NA	11-0-NA	5-0-NA	50-0-NA	8-1-NA	6-0-NA	10866-771-NA	514-1-NA	4-1-NA	18-1-NA	111-1-NA	259-6-NA	4284-25-NA	167-0-NA	1597-14-NA	901-17-NA	1-0-NA	59-3-NA	852-18-NA	1418-71-NA	1862-22-NA	5962-119-NA	634-1-NA	1815-43-NA	1534-8-NA	70-0-NA	9-0-NA	1-0-NA	224-22-NA	1299-8-NA	142-0-NA	741-13-NA	8-0-NA	844-3-NA	314-0-NA	730-11-NA	3-0-NA	1280-2-NA	80110-6803-NA	117-1-NA	6-1-NA	8-0-NA	3700-110-NA	14829-300-NA	298-2-NA	14-0-NA	1388-7-NA	25-1-NA	78-3-NA	312-8-NA	9217-131-NA	33-0-NA	475-10-NA	570-3-NA	22-0-NA	8-1-NA	108-2-NA	65-0-NA	42-0-NA	5-0-NA	19522-1228-NA	304-1-NA	140886-2467-NA	144-2-NA	119-2-NA	188-0-NA	29-0-NA	7-1-NA	0-1-NA	11-0-NA	9-0-NA	8-0-NA	9-1-NA	1-0-NA	2-0-NA
2020-03-30	18:26:49	2020-03-30 18:26:49	120-4-NA	212-10-NA	511-31-NA	334-6-NA	7-2-NA	7-0-NA	745-19-NA	424-3-NA	77-0-NA	1791-8-NA	15-0-NA	656-2-NA	299-0-NA	66-0-NA	769-4-NA	311-2-NA	8788-86-NA	209-4-NA	11-0-NA	499-4-NA	48-5-NA	33-0-NA	94-0-NA	10836-431-NA	6-0-NA	4-0-NA	81-1-NA	323-6-NA	4256-136-NA	126-1-NA	346-8-NA	222-12-NA	6-1-NA	103-0-NA	139-6-NA	621-2-NA	884-17-NA	13-0-NA	72-1-NA	66-0-NA	135-0-NA	122-0-NA	1355-21-NA	11-0-NA	2840-22-NA	156-0-NA	3-0-NA	3-0-NA	2139-7-NA	990-6-NA	577-8-NA	579-6-NA	338-1-NA	138-2-NA	1475-8-NA	254-2-NA	146-2-NA	168-6-NA	319-6-NA	484-13-NA	1276-22-NA	641-4-NA	67801-3182-NA	1018-4-NA	95-1-NA	644-0-NA	937-1-NA	98-1-NA	134-2-NA	37-0-NA	75-0-NA	18-0-NA	253-3-NA	772-7-NA	492-5-NA	136-0-NA	550-3-NA	166-3-NA	1-0-NA	76-3-NA	180-2-NA	1254-1-NA	702-10-NA	19-0-NA	65-6-NA	314-2-NA	165-1-NA	713-6-NA	0-0-NA	139-3-NA	214-5-NA	2817-16-NA	159-0-NA	10-0-NA	2395-72-NA	18-0-NA	859-39-NA	1924-58-NA	609-40-NA	24-0-NA	12-0-NA	12-0-NA	679-3-NA	9-0-NA	21-0-NA	5-0-NA	1240-11-NA	28-0-NA	30-0-NA	106-4-NA	63-0-NA	15-0-NA	183-0-NA	5-0-NA	11-0-NA	93-1-NA	40174-2606-NA	7-1-NA	4-1-NA	91-0-NA	62095-533-NA	152-5-NA	1156-38-NA	34-1-NA	16-0-NA	8-1-NA	15-0-NA	6-0-NA	110-3-NA	408-13-NA	1020-2-NA	1024-27-NA	1285-114-NA	38309-2640-NA	547-42-NA	2615-46-NA	4247-15-NA	97689-10779-NA	32-1-NA	1866-54-NA	259-3-NA	284-1-NA	42-1-NA	9583-152-NA	255-0-NA	84-0-NA	347-0-NA	438-10-NA	3-0-NA	56-0-NA	460-7-NA	1950-21-NA	39-0-NA	2470-35-NA	17-0-NA	151-0-NA	5-0-NA	107-3-NA	848-16-NA	263-2-NA	46-1-NA	12-0-NA	85-1-NA	479-26-NA	11-0-NA	5-0-NA	50-0-NA	8-1-NA	6-0-NA	10866-771-NA	514-1-NA	4-1-NA	18-1-NA	111-1-NA	259-6-NA	4284-25-NA	167-0-NA	1597-14-NA	901-17-NA	1-0-NA	59-3-NA	852-18-NA	1418-71-NA	1862-22-NA	5962-119-NA	634-1-NA	1815-43-NA	1534-8-NA	70-0-NA	9-0-NA	1-0-NA	224-22-NA	1299-8-NA	142-0-NA	741-13-NA	8-0-NA	844-3-NA	314-0-NA	730-11-NA	3-0-NA	1280-2-NA	80110-6803-NA	117-1-NA	6-1-NA	8-0-NA	3700-110-NA	14829-300-NA	298-2-NA	14-0-NA	1388-7-NA	25-1-NA	78-3-NA	312-8-NA	9217-131-NA	33-0-NA	475-10-NA	570-3-NA	22-0-NA	8-1-NA	108-2-NA	65-0-NA	42-0-NA	5-0-NA	19522-1228-NA	304-1-NA	140886-2467-NA	144-2-NA	119-2-NA	188-0-NA	29-0-NA	7-1-NA	0-1-NA	11-0-NA	9-0-NA	8-0-NA	9-1-NA	1-0-NA	2-0-NA
2020-03-30	18:30:55	2020-03-30 18:30:55	120-4-NA	212-10-NA	511-31-NA	334-6-NA	7-2-NA	7-0-NA	745-19-NA	424-3-NA	77-0-NA	1791-8-NA	15-0-NA	656-2-NA	299-0-NA	66-0-NA	769-4-NA	311-2-NA	8788-86-NA	209-4-NA	11-0-NA	499-4-NA	48-5-NA	33-0-NA	94-0-NA	10836-431-NA	6-0-NA	4-0-NA	81-1-NA	323-6-NA	4256-136-NA	126-1-NA	346-8-NA	222-12-NA	6-1-NA	103-0-NA	139-6-NA	621-2-NA	884-17-NA	13-0-NA	72-1-NA	66-0-NA	135-0-NA	122-0-NA	1355-21-NA	11-0-NA	2840-22-NA	156-0-NA	3-0-NA	3-0-NA	2139-7-NA	990-6-NA	577-8-NA	579-6-NA	338-1-NA	138-2-NA	1475-8-NA	254-2-NA	146-2-NA	168-6-NA	319-6-NA	484-13-NA	1276-22-NA	641-4-NA	67801-3182-NA	1018-4-NA	95-1-NA	644-0-NA	937-1-NA	98-1-NA	134-2-NA	37-0-NA	75-0-NA	18-0-NA	253-3-NA	772-7-NA	492-5-NA	136-0-NA	550-3-NA	166-3-NA	1-0-NA	76-3-NA	180-2-NA	1254-1-NA	702-10-NA	19-0-NA	65-6-NA	314-2-NA	165-1-NA	713-6-NA	0-0-NA	139-3-NA	214-5-NA	2817-16-NA	159-0-NA	10-0-NA	2395-72-NA	18-0-NA	859-39-NA	1924-58-NA	609-40-NA	24-0-NA	12-0-NA	12-0-NA	679-3-NA	9-0-NA	21-0-NA	5-0-NA	1240-11-NA	28-0-NA	30-0-NA	106-4-NA	63-0-NA	15-0-NA	183-0-NA	5-0-NA	11-0-NA	93-1-NA	40174-2606-NA	7-1-NA	4-1-NA	91-0-NA	62095-533-NA	152-5-NA	1156-38-NA	34-1-NA	16-0-NA	8-1-NA	15-0-NA	6-0-NA	110-3-NA	408-13-NA	1020-2-NA	1024-27-NA	1285-114-NA	38309-2640-NA	547-42-NA	2615-46-NA	4247-15-NA	97689-10779-NA	32-1-NA	1866-54-NA	259-3-NA	284-1-NA	42-1-NA	9583-152-NA	255-0-NA	84-0-NA	347-0-NA	438-10-NA	3-0-NA	56-0-NA	460-7-NA	1950-21-NA	39-0-NA	2470-35-NA	17-0-NA	151-0-NA	5-0-NA	107-3-NA	848-16-NA	263-2-NA	46-1-NA	12-0-NA	85-1-NA	479-26-NA	11-0-NA	5-0-NA	50-0-NA	8-1-NA	6-0-NA	10866-771-NA	514-1-NA	4-1-NA	18-1-NA	111-1-NA	259-6-NA	4284-25-NA	167-0-NA	1597-14-NA	901-17-NA	1-0-NA	59-3-NA	852-18-NA	1418-71-NA	1862-22-NA	5962-119-NA	634-1-NA	1815-43-NA	1534-8-NA	70-0-NA	9-0-NA	1-0-NA	224-22-NA	1299-8-NA	142-0-NA	741-13-NA	8-0-NA	844-3-NA	314-0-NA	730-11-NA	3-0-NA	1280-2-NA	80110-6803-NA	117-1-NA	6-1-NA	8-0-NA	3700-110-NA	14829-300-NA	298-2-NA	14-0-NA	1388-7-NA	25-1-NA	78-3-NA	312-8-NA	9217-131-NA	33-0-NA	475-10-NA	570-3-NA	22-0-NA	8-1-NA	108-2-NA	65-0-NA	42-0-NA	5-0-NA	19522-1228-NA	304-1-NA	140886-2467-NA	144-2-NA	119-2-NA	188-0-NA	29-0-NA	7-1-NA	0-1-NA	11-0-NA	9-0-NA	8-0-NA	9-1-NA	1-0-NA	2-0-NA
2020-03-30	19:00:37	2020-03-30 19:00:37	170-4-NA	223-11-NA	584-35-NA	370-8-NA	7-2-NA	7-0-NA	820-23-NA	482-3-NA	78-1-NA	2032-8-NA	15-0-NA	689-2-NA	305-0-NA	66-0-NA	821-4-NA	355-2-NA	9618-108-NA	273-4-NA	14-0-NA	515-4-NA	49-5-NA	33-0-NA	152-0-NA	11899-513-NA	6-0-NA	4-0-NA	97-4-NA	368-10-NA	4579-159-NA	127-1-NA	359-8-NA	246-12-NA	6-1-NA	107-0-NA	139-6-NA	661-3-NA	970-19-NA	13-0-NA	96-1-NA	68-0-NA	148-1-NA	127-0-NA	1706-31-NA	18-0-NA	3430-22-NA	156-2-NA	3-0-NA	5-0-NA	2449-8-NA	990-6-NA	577-8-NA	579-6-NA	340-1-NA	138-2-NA	1484-8-NA	254-2-NA	146-2-NA	168-6-NA	321-6-NA	484-13-NA	1276-22-NA	682-4-NA	67801-3186-NA	1018-4-NA	97-1-NA	645-0-NA	937-1-NA	98-1-NA	136-2-NA	38-0-NA	75-0-NA	18-0-NA	253-3-NA	773-7-NA	498-5-NA	136-0-NA	550-3-NA	174-3-NA	1-0-NA	76-3-NA	180-2-NA	1255-1-NA	798-12-NA	19-0-NA	81-8-NA	330-2-NA	168-1-NA	790-6-NA	0-0-NA	170-4-NA	230-7-NA	3001-23-NA	168-0-NA	10-0-NA	2577-77-NA	18-0-NA	901-42-NA	1962-60-NA	656-41-NA	30-0-NA	12-0-NA	12-0-NA	715-3-NA	9-0-NA	23-0-NA	5-0-NA	1352-13-NA	43-0-NA	36-0-NA	106-4-NA	82-0-NA	15-0-NA	224-0-NA	6-0-NA	15-1-NA	93-1-NA	44550-3024-NA	7-1-NA	4-1-NA	103-0-NA	66885-645-NA	152-5-NA	1212-43-NA	36-1-NA	22-0-NA	8-1-NA	15-0-NA	6-0-NA	139-7-NA	447-15-NA	1086-2-NA	1251-32-NA	1414-122-NA	41495-2757-NA	630-46-NA	2910-54-NA	4695-16-NA	101739-11591-NA	36-1-NA	1866-54-NA	268-5-NA	302-1-NA	50-1-NA	9661-158-NA	266-0-NA	94-0-NA	376-0-NA	446-11-NA	3-0-NA	62-0-NA	491-7-NA	1988-22-NA	43-0-NA	2626-37-NA	17-0-NA	156-0-NA	5-1-NA	128-3-NA	993-20-NA	298-2-NA	49-1-NA	12-0-NA	91-1-NA	556-33-NA	11-0-NA	5-0-NA	50-0-NA	11-1-NA	6-0-NA	11750-864-NA	589-1-NA	4-1-NA	27-3-NA	131-2-NA	285-7-NA	4445-32-NA	179-0-NA	1717-21-NA	989-24-NA	1-0-NA	64-3-NA	950-24-NA	1546-78-NA	2055-31-NA	6408-140-NA	693-1-NA	2109-65-NA	1836-9-NA	70-0-NA	9-0-NA	1-0-NA	230-25-NA	1453-8-NA	162-0-NA	785-16-NA	8-0-NA	879-3-NA	336-0-NA	756-11-NA	3-0-NA	1326-3-NA	87956-7716-NA	122-2-NA	6-2-NA	8-0-NA	4028-146-NA	15922-359-NA	306-5-NA	19-0-NA	1524-9-NA	30-1-NA	82-3-NA	312-8-NA	10827-168-NA	33-0-NA	548-13-NA	611-5-NA	27-0-NA	12-1-NA	141-2-NA	69-0-NA	49-0-NA	5-0-NA	22141-1408-NA	310-1-NA	161807-2978-NA	149-2-NA	135-3-NA	203-0-NA	35-0-NA	7-1-NA	0-1-NA	11-0-NA	9-0-NA	8-0-NA	10-2-NA	1-0-NA	3-0-NA
2020-03-30	19:08:18	2020-03-30 19:08:18	170-4-NA	223-11-NA	584-35-NA	370-8-NA	7-2-NA	7-0-NA	820-23-NA	482-3-NA	78-1-NA	2032-8-NA	15-0-NA	689-2-NA	305-0-NA	66-0-NA	821-4-NA	355-2-NA	9618-108-NA	273-4-NA	14-0-NA	515-4-NA	49-5-NA	33-0-NA	152-0-NA	11899-513-NA	6-0-NA	4-0-NA	97-4-NA	368-10-NA	4579-159-NA	127-1-NA	359-8-NA	246-12-NA	6-1-NA	107-0-NA	139-6-NA	661-3-NA	970-19-NA	13-0-NA	96-1-NA	68-0-NA	148-1-NA	127-0-NA	1706-31-NA	18-0-NA	3430-22-NA	156-2-NA	3-0-NA	5-0-NA	2449-8-NA	990-6-NA	577-8-NA	579-6-NA	340-1-NA	138-2-NA	1484-8-NA	254-2-NA	146-2-NA	168-6-NA	321-6-NA	484-13-NA	1276-22-NA	682-4-NA	67801-3186-NA	1018-4-NA	97-1-NA	645-0-NA	937-1-NA	98-1-NA	136-2-NA	38-0-NA	75-0-NA	18-0-NA	253-3-NA	773-7-NA	498-5-NA	136-0-NA	550-3-NA	174-3-NA	1-0-NA	76-3-NA	180-2-NA	1255-1-NA	798-12-NA	19-0-NA	81-8-NA	330-2-NA	168-1-NA	790-6-NA	0-0-NA	170-4-NA	230-7-NA	3001-23-NA	168-0-NA	10-0-NA	2577-77-NA	18-0-NA	901-42-NA	1962-60-NA	656-41-NA	30-0-NA	12-0-NA	12-0-NA	715-3-NA	9-0-NA	23-0-NA	5-0-NA	1352-13-NA	43-0-NA	36-0-NA	106-4-NA	82-0-NA	15-0-NA	224-0-NA	6-0-NA	15-1-NA	93-1-NA	44550-3024-NA	7-1-NA	4-1-NA	103-0-NA	66885-645-NA	152-5-NA	1212-43-NA	36-1-NA	22-0-NA	8-1-NA	15-0-NA	6-0-NA	139-7-NA	447-15-NA	1086-2-NA	1251-32-NA	1414-122-NA	41495-2757-NA	630-46-NA	2910-54-NA	4695-16-NA	101739-11591-NA	36-1-NA	1866-54-NA	268-5-NA	302-1-NA	50-1-NA	9661-158-NA	266-0-NA	94-0-NA	376-0-NA	446-11-NA	3-0-NA	62-0-NA	491-7-NA	1988-22-NA	43-0-NA	2626-37-NA	17-0-NA	156-0-NA	5-1-NA	128-3-NA	993-20-NA	298-2-NA	49-1-NA	12-0-NA	91-1-NA	556-33-NA	11-0-NA	5-0-NA	50-0-NA	11-1-NA	6-0-NA	11750-864-NA	589-1-NA	4-1-NA	27-3-NA	131-2-NA	285-7-NA	4445-32-NA	179-0-NA	1717-21-NA	989-24-NA	1-0-NA	64-3-NA	950-24-NA	1546-78-NA	2055-31-NA	6408-140-NA	693-1-NA	2109-65-NA	1836-9-NA	70-0-NA	9-0-NA	1-0-NA	230-25-NA	1453-8-NA	162-0-NA	785-16-NA	8-0-NA	879-3-NA	336-0-NA	756-11-NA	3-0-NA	1326-3-NA	87956-7716-NA	122-2-NA	6-2-NA	8-0-NA	4028-146-NA	15922-359-NA	306-5-NA	19-0-NA	1524-9-NA	30-1-NA	82-3-NA	312-8-NA	10827-168-NA	33-0-NA	548-13-NA	611-5-NA	27-0-NA	12-1-NA	141-2-NA	69-0-NA	49-0-NA	5-0-NA	22141-1408-NA	310-1-NA	161807-2978-NA	149-2-NA	135-3-NA	203-0-NA	35-0-NA	7-1-NA	0-1-NA	11-0-NA	9-0-NA	8-0-NA	10-2-NA	1-0-NA	3-0-NA
2020-04-01	13:30:13	2020-04-01 13:30:13	174-4-NA	243-15-NA	716-44-NA	376-12-NA	7-2-NA	7-0-NA	1054-27-NA	532-3-NA	80-1-NA	2032-8-NA	17-0-NA	743-2-NA	337-0-NA	69-1-NA	917-4-NA	364-2-NA	10180-128-NA	298-5-NA	14-0-NA	567-4-NA	51-5-NA	34-0-NA	152-1-NA	12775-705-NA	9-0-NA	4-0-NA	107-6-NA	420-13-NA	5717-201-NA	129-1-NA	399-8-NA	261-14-NA	6-1-NA	109-0-NA	193-6-NA	690-8-NA	1013-24-NA	13-0-NA	103-1-NA	70-0-NA	152-1-NA	147-0-NA	1966-33-NA	21-0-NA	4162-31-NA	184-2-NA	3-0-NA	7-0-NA	2738-12-NA	990-6-NA	580-8-NA	579-6-NA	343-1-NA	138-2-NA	1494-8-NA	254-2-NA	146-2-NA	168-6-NA	321-6-NA	484-13-NA	1276-22-NA	714-4-NA	67801-3187-NA	1018-4-NA	107-1-NA	646-0-NA	937-1-NA	98-1-NA	139-2-NA	41-0-NA	75-0-NA	18-0-NA	253-3-NA	774-7-NA	509-5-NA	136-0-NA	550-3-NA	174-3-NA	1-0-NA	76-3-NA	182-2-NA	1257-1-NA	906-16-NA	19-0-NA	98-8-NA	347-2-NA	179-1-NA	867-6-NA	0-0-NA	186-6-NA	262-8-NA	3308-31-NA	169-0-NA	10-0-NA	2860-90-NA	30-0-NA	1109-51-NA	2240-75-NA	710-46-NA	32-1-NA	12-0-NA	15-0-NA	745-4-NA	9-0-NA	26-0-NA	5-0-NA	1418-17-NA	43-0-NA	36-0-NA	114-4-NA	94-1-NA	16-0-NA	247-0-NA	6-0-NA	15-1-NA	128-3-NA	52128-3523-NA	16-1-NA	4-1-NA	110-0-NA	71808-775-NA	161-5-NA	1314-49-NA	38-1-NA	22-0-NA	12-2-NA	15-0-NA	6-0-NA	141-7-NA	492-16-NA	1135-2-NA	1397-35-NA	1528-136-NA	44605-2898-NA	694-50-NA	3235-71-NA	5358-20-NA	105792-12428-NA	36-1-NA	1953-56-NA	274-5-NA	343-2-NA	59-1-NA	9786-162-NA	289-0-NA	107-0-NA	398-0-NA	470-12-NA	3-0-NA	68-0-NA	537-8-NA	2178-23-NA	57-0-NA	2766-43-NA	18-0-NA	169-0-NA	6-1-NA	143-5-NA	1094-28-NA	353-4-NA	52-1-NA	12-0-NA	109-2-NA	617-36-NA	11-0-NA	5-0-NA	55-0-NA	11-1-NA	6-0-NA	12595-1039-NA	647-1-NA	5-1-NA	27-3-NA	135-2-NA	329-9-NA	4641-39-NA	192-1-NA	1938-26-NA	1181-30-NA	1-0-NA	65-3-NA	1065-30-NA	2084-88-NA	2311-33-NA	7443-160-NA	781-2-NA	2245-82-NA	2337-17-NA	75-0-NA	13-0-NA	1-0-NA	236-26-NA	1563-10-NA	175-0-NA	900-16-NA	10-0-NA	926-3-NA	363-0-NA	802-15-NA	5-0-NA	1353-5-NA	95923-8464-NA	143-2-NA	7-2-NA	9-0-NA	4435-180-NA	16605-433-NA	322-5-NA	19-1-NA	1651-10-NA	34-1-NA	87-3-NA	394-10-NA	13531-214-NA	44-0-NA	645-17-NA	664-6-NA	32-0-NA	14-1-NA	141-3-NA	69-0-NA	60-0-NA	5-0-NA	25150-1789-NA	338-1-NA	188172-3873-NA	172-2-NA	135-3-NA	212-0-NA	35-0-NA	8-1-NA	0-1-NA	12-0-NA	9-0-NA	8-0-NA	10-2-NA	1-0-NA	3-0-NA
2020-04-01	22:02:28	2020-04-01 22:02:28	237-4-NA	259-15-NA	847-58-NA	390-14-NA	8-2-NA	7-0-NA	1054-28-NA	571-4-NA	84-1-NA	2182-9-NA	19-0-NA	781-2-NA	367-0-NA	69-2-NA	968-4-NA	392-2-NA	10711-146-NA	359-5-NA	21-1-NA	569-4-NA	54-6-NA	34-0-NA	163-2-NA	13964-828-NA	13-0-NA	4-0-NA	115-7-NA	459-13-NA	6836-240-NA	131-1-NA	422-10-NA	282-16-NA	6-1-NA	109-0-NA	233-6-NA	754-9-NA	1013-24-NA	13-0-NA	127-1-NA	81-0-NA	175-1-NA	173-0-NA	2392-37-NA	21-0-NA	4611-33-NA	193-3-NA	3-0-NA	7-0-NA	3031-16-NA	990-6-NA	580-8-NA	579-6-NA	345-1-NA	138-2-NA	1501-8-NA	254-2-NA	146-2-NA	168-6-NA	323-6-NA	484-13-NA	1276-22-NA	765-4-NA	67802-3193-NA	1018-4-NA	111-1-NA	646-0-NA	937-1-NA	98-1-NA	140-2-NA	41-0-NA	75-0-NA	18-0-NA	255-3-NA	774-7-NA	516-6-NA	137-0-NA	552-3-NA	176-3-NA	1-0-NA	76-3-NA	182-2-NA	1257-1-NA	1065-17-NA	19-0-NA	109-9-NA	375-2-NA	190-1-NA	963-6-NA	0-0-NA	212-6-NA	320-9-NA	3508-39-NA	173-0-NA	10-0-NA	3107-104-NA	33-0-NA	1284-57-NA	2748-93-NA	779-52-NA	32-1-NA	15-0-NA	15-0-NA	779-5-NA	9-0-NA	29-0-NA	5-0-NA	1446-17-NA	51-0-NA	37-0-NA	125-6-NA	94-1-NA	16-0-NA	281-0-NA	6-0-NA	15-1-NA	135-3-NA	56989-4032-NA	18-1-NA	4-1-NA	117-0-NA	77872-920-NA	195-5-NA	1415-50-NA	39-1-NA	30-0-NA	19-2-NA	16-0-NA	6-0-NA	172-10-NA	525-20-NA	1220-2-NA	1998-58-NA	1677-157-NA	47593-3036-NA	728-52-NA	3447-85-NA	6092-26-NA	110574-13155-NA	44-3-NA	2178-57-NA	278-5-NA	380-3-NA	81-1-NA	9887-165-NA	317-0-NA	111-0-NA	446-0-NA	479-14-NA	6-0-NA	68-0-NA	581-8-NA	2319-29-NA	57-0-NA	2908-45-NA	19-0-NA	188-0-NA	6-1-NA	161-6-NA	1215-29-NA	423-5-NA	55-1-NA	14-0-NA	123-2-NA	654-39-NA	14-0-NA	5-0-NA	55-0-NA	11-1-NA	16-1-NA	13614-1173-NA	708-1-NA	5-1-NA	74-5-NA	174-2-NA	354-11-NA	4863-44-NA	210-1-NA	2118-27-NA	1181-30-NA	1-0-NA	69-3-NA	1323-38-NA	2311-96-NA	2554-43-NA	8251-187-NA	835-2-NA	2460-92-NA	2777-24-NA	82-0-NA	13-0-NA	1-0-NA	236-26-NA	1720-16-NA	190-1-NA	1060-28-NA	10-0-NA	1000-3-NA	400-1-NA	841-15-NA	5-0-NA	1380-5-NA	104118-9387-NA	146-3-NA	7-2-NA	10-0-NA	4947-239-NA	17768-488-NA	329-5-NA	20-1-NA	1771-12-NA	36-2-NA	90-5-NA	423-12-NA	15679-277-NA	44-0-NA	794-20-NA	814-8-NA	32-0-NA	22-1-NA	172-3-NA	81-0-NA	68-1-NA	5-0-NA	29474-2352-NA	338-2-NA	213372-4757-NA	181-2-NA	143-3-NA	218-0-NA	36-0-NA	8-1-NA	0-1-NA	12-0-NA	9-0-NA	10-0-NA	10-2-NA	1-0-NA	3-0-NA
2020-04-01	22:20:49	2020-04-01 22:20:49	237-4-NA	259-15-NA	847-58-NA	390-14-NA	8-2-NA	7-0-NA	1054-28-NA	571-4-NA	84-1-NA	2182-9-NA	19-0-NA	781-2-NA	367-0-NA	69-2-NA	968-4-NA	392-2-NA	10711-146-NA	359-5-NA	21-1-NA	569-4-NA	54-6-NA	34-0-NA	163-2-NA	13964-828-NA	13-0-NA	4-0-NA	115-7-NA	459-13-NA	6836-240-NA	131-1-NA	422-10-NA	282-16-NA	6-1-NA	109-0-NA	233-6-NA	754-9-NA	1013-24-NA	13-0-NA	127-1-NA	81-0-NA	175-1-NA	173-0-NA	2392-37-NA	21-0-NA	4611-33-NA	193-3-NA	3-0-NA	7-0-NA	3031-16-NA	990-6-NA	580-8-NA	579-6-NA	345-1-NA	138-2-NA	1501-8-NA	254-2-NA	146-2-NA	168-6-NA	323-6-NA	484-13-NA	1276-22-NA	765-4-NA	67802-3193-NA	1018-4-NA	111-1-NA	646-0-NA	937-1-NA	98-1-NA	140-2-NA	41-0-NA	75-0-NA	18-0-NA	255-3-NA	774-7-NA	516-6-NA	137-0-NA	552-3-NA	176-3-NA	1-0-NA	76-3-NA	182-2-NA	1257-1-NA	1065-17-NA	19-0-NA	109-9-NA	375-2-NA	190-1-NA	963-6-NA	0-0-NA	212-6-NA	320-9-NA	3508-39-NA	173-0-NA	10-0-NA	3107-104-NA	33-0-NA	1284-57-NA	2748-93-NA	779-52-NA	32-1-NA	15-0-NA	15-0-NA	779-5-NA	9-0-NA	29-0-NA	5-0-NA	1446-17-NA	51-0-NA	37-0-NA	125-6-NA	94-1-NA	16-0-NA	281-0-NA	6-0-NA	15-1-NA	135-3-NA	56989-4032-NA	18-1-NA	4-1-NA	117-0-NA	77872-920-NA	195-5-NA	1415-50-NA	39-1-NA	30-0-NA	19-2-NA	16-0-NA	6-0-NA	172-10-NA	525-20-NA	1220-2-NA	1998-58-NA	1677-157-NA	47593-3036-NA	728-52-NA	3447-85-NA	6092-26-NA	110574-13155-NA	44-3-NA	2178-57-NA	278-5-NA	380-3-NA	81-1-NA	9887-165-NA	317-0-NA	111-0-NA	446-0-NA	479-14-NA	6-0-NA	68-0-NA	581-8-NA	2319-29-NA	57-0-NA	2908-45-NA	19-0-NA	188-0-NA	6-1-NA	161-6-NA	1215-29-NA	423-5-NA	55-1-NA	14-0-NA	123-2-NA	654-39-NA	14-0-NA	5-0-NA	55-0-NA	11-1-NA	16-1-NA	13614-1173-NA	708-1-NA	5-1-NA	74-5-NA	174-2-NA	354-11-NA	4863-44-NA	210-1-NA	2118-27-NA	1181-30-NA	1-0-NA	69-3-NA	1323-38-NA	2311-96-NA	2554-43-NA	8251-187-NA	835-2-NA	2460-92-NA	2777-24-NA	82-0-NA	13-0-NA	1-0-NA	236-26-NA	1720-16-NA	190-1-NA	1060-28-NA	10-0-NA	1000-3-NA	400-1-NA	841-15-NA	5-0-NA	1380-5-NA	104118-9387-NA	146-3-NA	7-2-NA	10-0-NA	4947-239-NA	17768-488-NA	329-5-NA	20-1-NA	1771-12-NA	36-2-NA	90-5-NA	423-12-NA	15679-277-NA	44-0-NA	794-20-NA	814-8-NA	32-0-NA	22-1-NA	172-3-NA	81-0-NA	68-1-NA	5-0-NA	29474-2352-NA	338-2-NA	213372-4757-NA	181-2-NA	143-3-NA	218-0-NA	36-0-NA	8-1-NA	0-1-NA	12-0-NA	9-0-NA	10-0-NA	10-2-NA	1-0-NA	3-0-NA
2020-04-01	23:42:01	2020-04-01 23:42:01	237-4-NA	259-15-NA	847-58-NA	390-14-NA	8-2-NA	7-0-NA	1054-28-NA	571-4-NA	84-1-NA	2182-9-NA	19-0-NA	781-2-NA	367-0-NA	69-2-NA	968-4-NA	392-2-NA	10711-146-NA	359-5-NA	21-1-NA	569-4-NA	54-6-NA	34-0-NA	163-2-NA	13964-828-NA	13-0-NA	4-0-NA	115-7-NA	459-13-NA	6836-240-NA	131-1-NA	422-10-NA	282-16-NA	6-1-NA	109-0-NA	233-6-NA	754-9-NA	1013-24-NA	13-0-NA	127-1-NA	81-0-NA	175-1-NA	173-0-NA	2392-37-NA	21-0-NA	4611-33-NA	193-3-NA	3-0-NA	7-0-NA	3031-16-NA	990-6-NA	580-8-NA	579-6-NA	345-1-NA	138-2-NA	1501-8-NA	254-2-NA	146-2-NA	168-6-NA	323-6-NA	484-13-NA	1276-22-NA	765-4-NA	67802-3193-NA	1018-4-NA	111-1-NA	646-0-NA	937-1-NA	98-1-NA	140-2-NA	41-0-NA	75-0-NA	18-0-NA	255-3-NA	774-7-NA	516-6-NA	137-0-NA	552-3-NA	176-3-NA	1-0-NA	76-3-NA	182-2-NA	1257-1-NA	1065-17-NA	19-0-NA	109-9-NA	375-2-NA	190-1-NA	963-6-NA	0-0-NA	212-6-NA	320-9-NA	3508-39-NA	173-0-NA	10-0-NA	3107-104-NA	33-0-NA	1284-57-NA	2748-93-NA	779-52-NA	32-1-NA	15-0-NA	15-0-NA	779-5-NA	9-0-NA	29-0-NA	5-0-NA	1446-17-NA	51-0-NA	37-0-NA	125-6-NA	94-1-NA	16-0-NA	281-0-NA	6-0-NA	15-1-NA	135-3-NA	56989-4032-NA	18-1-NA	4-1-NA	117-0-NA	77872-920-NA	195-5-NA	1415-50-NA	39-1-NA	30-0-NA	19-2-NA	16-0-NA	6-0-NA	172-10-NA	525-20-NA	1220-2-NA	1998-58-NA	1677-157-NA	47593-3036-NA	728-52-NA	3447-85-NA	6092-26-NA	110574-13155-NA	44-3-NA	2178-57-NA	278-5-NA	380-3-NA	81-1-NA	9887-165-NA	317-0-NA	111-0-NA	446-0-NA	479-14-NA	6-0-NA	68-0-NA	581-8-NA	2319-29-NA	57-0-NA	2908-45-NA	19-0-NA	188-0-NA	6-1-NA	161-6-NA	1215-29-NA	423-5-NA	55-1-NA	14-0-NA	123-2-NA	654-39-NA	14-0-NA	5-0-NA	55-0-NA	11-1-NA	16-1-NA	13614-1173-NA	708-1-NA	5-1-NA	74-5-NA	174-2-NA	354-11-NA	4863-44-NA	210-1-NA	2118-27-NA	1181-30-NA	1-0-NA	69-3-NA	1323-38-NA	2311-96-NA	2554-43-NA	8251-187-NA	835-2-NA	2460-92-NA	2777-24-NA	82-0-NA	13-0-NA	1-0-NA	236-26-NA	1720-16-NA	190-1-NA	1060-28-NA	10-0-NA	1000-3-NA	400-1-NA	841-15-NA	5-0-NA	1380-5-NA	104118-9387-NA	146-3-NA	7-2-NA	10-0-NA	4947-239-NA	17768-488-NA	329-5-NA	20-1-NA	1771-12-NA	36-2-NA	90-5-NA	423-12-NA	15679-277-NA	44-0-NA	794-20-NA	814-8-NA	32-0-NA	22-1-NA	172-3-NA	81-0-NA	68-1-NA	5-0-NA	29474-2352-NA	338-2-NA	213372-4757-NA	181-2-NA	143-3-NA	218-0-NA	36-0-NA	8-1-NA	0-1-NA	12-0-NA	9-0-NA	10-0-NA	10-2-NA	1-0-NA	3-0-NA
2020-04-02	12:25:20	2020-04-02 12:25:20	237-4-NA	259-15-NA	847-58-NA	390-14-NA	8-2-NA	7-0-NA	1054-28-NA	571-4-NA	84-1-NA	2182-9-NA	19-0-NA	781-2-NA	367-0-NA	69-2-NA	968-4-NA	392-2-NA	10711-146-NA	359-5-NA	21-1-NA	569-4-NA	54-6-NA	34-0-NA	163-2-NA	13964-828-NA	13-0-NA	4-0-NA	115-7-NA	459-13-NA	6836-240-NA	131-1-NA	422-10-NA	282-16-NA	6-1-NA	109-0-NA	233-6-NA	754-9-NA	1013-24-NA	13-0-NA	127-1-NA	81-0-NA	175-1-NA	173-0-NA	2392-37-NA	21-0-NA	4611-33-NA	193-3-NA	3-0-NA	7-0-NA	3031-16-NA	990-6-NA	580-8-NA	579-6-NA	345-1-NA	138-2-NA	1501-8-NA	254-2-NA	146-2-NA	168-6-NA	323-6-NA	484-13-NA	1276-22-NA	765-4-NA	67802-3193-NA	1018-4-NA	111-1-NA	646-0-NA	937-1-NA	98-1-NA	140-2-NA	41-0-NA	75-0-NA	18-0-NA	255-3-NA	774-7-NA	516-6-NA	137-0-NA	552-3-NA	176-3-NA	1-0-NA	76-3-NA	182-2-NA	1257-1-NA	1065-17-NA	19-0-NA	109-9-NA	375-2-NA	190-1-NA	963-6-NA	0-0-NA	212-6-NA	320-9-NA	3508-39-NA	173-0-NA	10-0-NA	3107-104-NA	33-0-NA	1284-57-NA	2748-93-NA	779-52-NA	32-1-NA	15-0-NA	15-0-NA	779-5-NA	9-0-NA	29-0-NA	5-0-NA	1446-17-NA	51-0-NA	37-0-NA	125-6-NA	94-1-NA	16-0-NA	281-0-NA	6-0-NA	15-1-NA	135-3-NA	56989-4032-NA	18-1-NA	4-1-NA	117-0-NA	77872-920-NA	195-5-NA	1415-50-NA	39-1-NA	30-0-NA	19-2-NA	16-0-NA	6-0-NA	172-10-NA	525-20-NA	1220-2-NA	1998-58-NA	1677-157-NA	47593-3036-NA	728-52-NA	3447-85-NA	6092-26-NA	110574-13155-NA	44-3-NA	2178-57-NA	278-5-NA	380-3-NA	81-1-NA	9887-165-NA	317-0-NA	111-0-NA	446-0-NA	479-14-NA	6-0-NA	68-0-NA	581-8-NA	2319-29-NA	57-0-NA	2908-45-NA	19-0-NA	188-0-NA	6-1-NA	161-6-NA	1215-29-NA	423-5-NA	55-1-NA	14-0-NA	123-2-NA	654-39-NA	14-0-NA	5-0-NA	55-0-NA	11-1-NA	16-1-NA	13614-1173-NA	708-1-NA	5-1-NA	74-5-NA	174-2-NA	354-11-NA	4863-44-NA	210-1-NA	2118-27-NA	1181-30-NA	1-0-NA	69-3-NA	1323-38-NA	2311-96-NA	2554-43-NA	8251-187-NA	835-2-NA	2460-92-NA	2777-24-NA	82-0-NA	13-0-NA	1-0-NA	236-26-NA	1720-16-NA	190-1-NA	1060-28-NA	10-0-NA	1000-3-NA	400-1-NA	841-15-NA	5-0-NA	1380-5-NA	104118-9387-NA	146-3-NA	7-2-NA	10-0-NA	4947-239-NA	17768-488-NA	329-5-NA	20-1-NA	1771-12-NA	36-2-NA	90-5-NA	423-12-NA	15679-277-NA	44-0-NA	794-20-NA	814-8-NA	32-0-NA	22-1-NA	172-3-NA	81-0-NA	68-1-NA	5-0-NA	29474-2352-NA	338-2-NA	213372-4757-NA	181-2-NA	143-3-NA	218-0-NA	36-0-NA	8-1-NA	0-1-NA	12-0-NA	9-0-NA	10-0-NA	10-2-NA	1-0-NA	3-0-NA
2020-04-02	273-6-NA	277-16-NA	986-86-NA	428-15-NA	8-2-NA	9-0-NA	1133-36-NA	663-7-NA	87-1-NA	2298-10-NA	21-0-NA	835-4-NA	367-0-NA	72-2-NA	1036-5-NA	400-2-NA	11129-158-NA	400-5-NA	24-1-NA	643-4-NA	56-6-NA	46-0-NA	304-4-NA	15348-1011-NA	13-0-NA	5-0-NA	123-8-NA	533-16-NA	8044-324-NA	133-1-NA	457-10-NA	288-16-NA	6-1-NA	110-0-NA	306-7-NA	969-13-NA	1121-31-NA	13-0-NA	167-1-NA	91-0-NA	183-1-NA	193-0-NA	2793-53-NA	22-0-NA	5518-36-NA	206-3-NA	3-0-NA	8-0-NA	3404-18-NA	990-6-NA	582-8-NA	579-6-NA	345-1-NA	138-2-NA	1507-8-NA	254-2-NA	146-2-NA	168-6-NA	325-6-NA	488-13-NA	1276-22-NA	802-4-NA	67802-3199-NA	1019-4-NA	117-1-NA	647-0-NA	937-1-NA	98-1-NA	141-2-NA	41-0-NA	75-0-NA	18-0-NA	255-3-NA	775-7-NA	522-6-NA	137-0-NA	554-3-NA	176-3-NA	1-0-NA	76-3-NA	183-2-NA	1258-1-NA	1161-19-NA	22-2-NA	134-13-NA	396-2-NA	194-1-NA	1011-7-NA	0-0-NA	233-6-NA	356-10-NA	3858-44-NA	177-0-NA	10-0-NA	3386-123-NA	40-0-NA	1380-60-NA	3163-120-NA	865-58-NA	41-2-NA	15-0-NA	22-0-NA	858-11-NA	9-0-NA	29-0-NA	7-0-NA	1518-19-NA	51-0-NA	37-0-NA	128-6-NA	116-1-NA	18-0-NA	308-0-NA	6-0-NA	22-1-NA	138-3-NA	59105-5387-NA	21-1-NA	4-1-NA	134-0-NA	84794-1107-NA	204-5-NA	1544-53-NA	47-1-NA	52-0-NA	19-4-NA	16-0-NA	7-0-NA	219-14-NA	585-21-NA	1319-4-NA	2543-72-NA	1790-170-NA	50468-3160-NA	772-54-NA	3849-98-NA	6857-36-NA	115242-13915-NA	47-3-NA	2495-62-NA	299-5-NA	435-3-NA	110-3-NA	9976-169-NA	342-0-NA	116-0-NA	458-0-NA	494-16-NA	6-0-NA	75-0-NA	649-9-NA	2487-30-NA	59-0-NA	3116-50-NA	19-0-NA	196-0-NA	6-1-NA	169-7-NA	1378-37-NA	505-6-NA	60-1-NA	14-0-NA	144-2-NA	708-44-NA	14-0-NA	6-0-NA	60-0-NA	11-1-NA	18-1-NA	14697-1339-NA	797-1-NA	5-1-NA	98-5-NA	184-2-NA	384-11-NA	5147-50-NA	231-1-NA	2421-34-NA	1317-32-NA	1-0-NA	77-3-NA	1414-55-NA	2633-107-NA	2946-57-NA	9034-209-NA	949-3-NA	2738-115-NA	3548-30-NA	84-0-NA	13-0-NA	2-0-NA	245-30-NA	1885-21-NA	195-1-NA	1171-31-NA	10-0-NA	1049-4-NA	426-1-NA	897-17-NA	5-0-NA	1462-5-NA	112065-10348-NA	151-4-NA	8-2-NA	10-0-NA	5568-308-NA	18827-536-NA	339-5-NA	20-1-NA	1875-15-NA	39-2-NA	94-5-NA	455-14-NA	18135-356-NA	45-0-NA	897-22-NA	1024-8-NA	35-0-NA	28-1-NA	193-3-NA	88-0-NA	95-1-NA	5-0-NA	33718-2921-NA	350-4-NA	243453-5926-NA	205-2-NA	146-5-NA	233-0-NA	39-1-NA	9-1-NA	0-1-NA	12-0-NA	10-0-NA	10-0-NA	16-2-NA	1-0-NA	3-0-NA

2020-04-02	23:59:39	2020-04-02 23:59:39	273-6-NA	277-16-NA	986-86-NA	428-15-NA	8-2-NA	9-0-NA	1133-36-NA	663-7-NA	87-1-NA	2298-10-NA	21-0-NA	835-4-NA	367-0-NA	72-2-NA	1036-5-NA	400-2-NA	11129-158-NA	400-5-NA	24-1-NA	643-4-NA	56-6-NA	46-0-NA	304-4-NA	15348-1011-NA	13-0-NA	5-0-NA	123-8-NA	533-16-NA	8044-324-NA	133-1-NA	457-10-NA	288-16-NA	6-1-NA	110-0-NA	306-7-NA	969-13-NA	1121-31-NA	13-0-NA	167-1-NA	91-0-NA	183-1-NA	193-0-NA	2793-53-NA	22-0-NA	5518-36-NA	206-3-NA	3-0-NA	8-0-NA	3404-18-NA	990-6-NA	582-8-NA	579-6-NA	345-1-NA	138-2-NA	1507-8-NA	254-2-NA	146-2-NA	168-6-NA	325-6-NA	488-13-NA	1276-22-NA	802-4-NA	67802-3199-NA	1019-4-NA	117-1-NA	647-0-NA	937-1-NA	98-1-NA	141-2-NA	41-0-NA	75-0-NA	18-0-NA	255-3-NA	775-7-NA	522-6-NA	137-0-NA	554-3-NA	176-3-NA	1-0-NA	76-3-NA	183-2-NA	1258-1-NA	1161-19-NA	22-2-NA	134-13-NA	396-2-NA	194-1-NA	1011-7-NA	0-0-NA	233-6-NA	356-10-NA	3858-44-NA	177-0-NA	10-0-NA	3386-123-NA	40-0-NA	1380-60-NA	3163-120-NA	865-58-NA	41-2-NA	15-0-NA	22-0-NA	858-11-NA	9-0-NA	29-0-NA	7-0-NA	1518-19-NA	51-0-NA	37-0-NA	128-6-NA	116-1-NA	18-0-NA	308-0-NA	6-0-NA	22-1-NA	138-3-NA	59105-5387-NA	21-1-NA	4-1-NA	134-0-NA	84794-1107-NA	204-5-NA	1544-53-NA	47-1-NA	52-0-NA	19-4-NA	16-0-NA	7-0-NA	219-14-NA	585-21-NA	1319-4-NA	2543-72-NA	1790-170-NA	50468-3160-NA	772-54-NA	3849-98-NA	6857-36-NA	115242-13915-NA	47-3-NA	2495-62-NA	299-5-NA	435-3-NA	110-3-NA	9976-169-NA	342-0-NA	116-0-NA	458-0-NA	494-16-NA	6-0-NA	75-0-NA	649-9-NA	2487-30-NA	59-0-NA	3116-50-NA	19-0-NA	196-0-NA	6-1-NA	169-7-NA	1378-37-NA	505-6-NA	60-1-NA	14-0-NA	144-2-NA	708-44-NA	14-0-NA	6-0-NA	60-0-NA	11-1-NA	18-1-NA	14697-1339-NA	797-1-NA	5-1-NA	98-5-NA	184-2-NA	384-11-NA	5147-50-NA	231-1-NA	2421-34-NA	1317-32-NA	1-0-NA	77-3-NA	1414-55-NA	2633-107-NA	2946-57-NA	9034-209-NA	949-3-NA	2738-115-NA	3548-30-NA	84-0-NA	13-0-NA	2-0-NA	245-30-NA	1885-21-NA	195-1-NA	1171-31-NA	10-0-NA	1049-4-NA	426-1-NA	897-17-NA	5-0-NA	1462-5-NA	112065-10348-NA	151-4-NA	8-2-NA	10-0-NA	5568-308-NA	18827-536-NA	339-5-NA	20-1-NA	1875-15-NA	39-2-NA	94-5-NA	455-14-NA	18135-356-NA	45-0-NA	897-22-NA	1024-8-NA	35-0-NA	28-1-NA	193-3-NA	88-0-NA	95-1-NA	5-0-NA	33718-2921-NA	350-4-NA	243453-5926-NA	205-2-NA	146-5-NA	233-0-NA	39-1-NA	9-1-NA	0-1-NA	12-0-NA	10-0-NA	10-0-NA	16-2-NA	1-0-NA	3-0-NA
2020-04-03	00:41:54	2020-04-03 00:41:54	273-6-NA	277-16-NA	986-86-NA	428-15-NA	8-2-NA	9-0-NA	1133-36-NA	663-7-NA	87-1-NA	2298-10-NA	21-0-NA	835-4-NA	367-0-NA	72-2-NA	1036-5-NA	400-2-NA	11129-158-NA	400-5-NA	24-1-NA	643-4-NA	56-6-NA	46-0-NA	304-4-NA	15348-1011-NA	13-0-NA	5-0-NA	123-8-NA	533-16-NA	8044-324-NA	133-1-NA	457-10-NA	288-16-NA	6-1-NA	110-0-NA	306-7-NA	969-13-NA	1121-31-NA	13-0-NA	167-1-NA	91-0-NA	183-1-NA	193-0-NA	2793-53-NA	22-0-NA	5518-36-NA	206-3-NA	3-0-NA	8-0-NA	3404-18-NA	990-6-NA	582-8-NA	579-6-NA	345-1-NA	138-2-NA	1507-8-NA	254-2-NA	146-2-NA	168-6-NA	325-6-NA	488-13-NA	1276-22-NA	802-4-NA	67802-3199-NA	1019-4-NA	117-1-NA	647-0-NA	937-1-NA	98-1-NA	141-2-NA	41-0-NA	75-0-NA	18-0-NA	255-3-NA	775-7-NA	522-6-NA	137-0-NA	554-3-NA	176-3-NA	1-0-NA	76-3-NA	183-2-NA	1258-1-NA	1161-19-NA	22-2-NA	134-13-NA	396-2-NA	194-1-NA	1011-7-NA	0-0-NA	233-6-NA	356-10-NA	3858-44-NA	177-0-NA	10-0-NA	3386-123-NA	40-0-NA	1380-60-NA	3163-120-NA	865-58-NA	41-2-NA	15-0-NA	22-0-NA	858-11-NA	9-0-NA	29-0-NA	7-0-NA	1518-19-NA	51-0-NA	37-0-NA	128-6-NA	116-1-NA	18-0-NA	308-0-NA	6-0-NA	22-1-NA	138-3-NA	59105-5387-NA	21-1-NA	4-1-NA	134-0-NA	84794-1107-NA	204-5-NA	1544-53-NA	47-1-NA	52-0-NA	19-4-NA	16-0-NA	7-0-NA	219-14-NA	585-21-NA	1319-4-NA	2543-72-NA	1790-170-NA	50468-3160-NA	772-54-NA	3849-98-NA	6857-36-NA	115242-13915-NA	47-3-NA	2495-62-NA	299-5-NA	435-3-NA	110-3-NA	9976-169-NA	342-0-NA	116-0-NA	458-0-NA	494-16-NA	6-0-NA	75-0-NA	649-9-NA	2487-30-NA	59-0-NA	3116-50-NA	19-0-NA	196-0-NA	6-1-NA	169-7-NA	1378-37-NA	505-6-NA	60-1-NA	14-0-NA	144-2-NA	708-44-NA	14-0-NA	6-0-NA	60-0-NA	11-1-NA	18-1-NA	14697-1339-NA	797-1-NA	5-1-NA	98-5-NA	184-2-NA	384-11-NA	5147-50-NA	231-1-NA	2421-34-NA	1317-32-NA	1-0-NA	77-3-NA	1414-55-NA	2633-107-NA	2946-57-NA	9034-209-NA	949-3-NA	2738-115-NA	3548-30-NA	84-0-NA	13-0-NA	2-0-NA	245-30-NA	1885-21-NA	195-1-NA	1171-31-NA	10-0-NA	1049-4-NA	426-1-NA	897-17-NA	5-0-NA	1462-5-NA	112065-10348-NA	151-4-NA	8-2-NA	10-0-NA	5568-308-NA	18827-536-NA	339-5-NA	20-1-NA	1875-15-NA	39-2-NA	94-5-NA	455-14-NA	18135-356-NA	45-0-NA	897-22-NA	1024-8-NA	35-0-NA	28-1-NA	193-3-NA	88-0-NA	95-1-NA	5-0-NA	33718-2921-NA	350-4-NA	243453-5926-NA	205-2-NA	146-5-NA	233-0-NA	39-1-NA	9-1-NA	0-1-NA	12-0-NA	10-0-NA	10-0-NA	16-2-NA	1-0-NA	3-0-NA
2020-04-03	01:54:36	2020-04-03 01:54:36	273-6-NA	277-16-NA	986-86-NA	428-15-NA	8-2-NA	9-0-NA	1133-36-NA	663-7-NA	87-1-NA	2298-10-NA	21-0-NA	835-4-NA	367-0-NA	72-2-NA	1036-5-NA	400-2-NA	11129-158-NA	400-5-NA	24-1-NA	643-4-NA	56-6-NA	46-0-NA	304-4-NA	15348-1011-NA	13-0-NA	5-0-NA	123-8-NA	533-16-NA	8044-324-NA	133-1-NA	457-10-NA	288-16-NA	6-1-NA	110-0-NA	306-7-NA	969-13-NA	1121-31-NA	13-0-NA	167-1-NA	91-0-NA	183-1-NA	193-0-NA	2793-53-NA	22-0-NA	5518-36-NA	206-3-NA	3-0-NA	8-0-NA	3404-18-NA	990-6-NA	582-8-NA	579-6-NA	345-1-NA	138-2-NA	1507-8-NA	254-2-NA	146-2-NA	168-6-NA	325-6-NA	488-13-NA	1276-22-NA	802-4-NA	67802-3199-NA	1019-4-NA	117-1-NA	647-0-NA	937-1-NA	98-1-NA	141-2-NA	41-0-NA	75-0-NA	18-0-NA	255-3-NA	775-7-NA	522-6-NA	137-0-NA	554-3-NA	176-3-NA	1-0-NA	76-3-NA	183-2-NA	1258-1-NA	1161-19-NA	22-2-NA	134-13-NA	396-2-NA	194-1-NA	1011-7-NA	0-0-NA	233-6-NA	356-10-NA	3858-44-NA	177-0-NA	10-0-NA	3386-123-NA	40-0-NA	1380-60-NA	3163-120-NA	865-58-NA	41-2-NA	15-0-NA	22-0-NA	858-11-NA	9-0-NA	29-0-NA	7-0-NA	1518-19-NA	51-0-NA	37-0-NA	128-6-NA	116-1-NA	18-0-NA	308-0-NA	6-0-NA	22-1-NA	138-3-NA	59105-5387-NA	21-1-NA	4-1-NA	134-0-NA	84794-1107-NA	204-5-NA	1544-53-NA	47-1-NA	52-0-NA	19-4-NA	16-0-NA	7-0-NA	219-14-NA	585-21-NA	1319-4-NA	2543-72-NA	1790-170-NA	50468-3160-NA	772-54-NA	3849-98-NA	6857-36-NA	115242-13915-NA	47-3-NA	2495-62-NA	299-5-NA	435-3-NA	110-3-NA	9976-169-NA	342-0-NA	116-0-NA	458-0-NA	494-16-NA	6-0-NA	75-0-NA	649-9-NA	2487-30-NA	59-0-NA	3116-50-NA	19-0-NA	196-0-NA	6-1-NA	169-7-NA	1378-37-NA	505-6-NA	60-1-NA	14-0-NA	144-2-NA	708-44-NA	14-0-NA	6-0-NA	60-0-NA	11-1-NA	18-1-NA	14697-1339-NA	797-1-NA	5-1-NA	98-5-NA	184-2-NA	384-11-NA	5147-50-NA	231-1-NA	2421-34-NA	1317-32-NA	1-0-NA	77-3-NA	1414-55-NA	2633-107-NA	2946-57-NA	9034-209-NA	949-3-NA	2738-115-NA	3548-30-NA	84-0-NA	13-0-NA	2-0-NA	245-30-NA	1885-21-NA	195-1-NA	1171-31-NA	10-0-NA	1049-4-NA	426-1-NA	897-17-NA	5-0-NA	1462-5-NA	112065-10348-NA	151-4-NA	8-2-NA	10-0-NA	5568-308-NA	18827-536-NA	339-5-NA	20-1-NA	1875-15-NA	39-2-NA	94-5-NA	455-14-NA	18135-356-NA	45-0-NA	897-22-NA	1024-8-NA	35-0-NA	28-1-NA	193-3-NA	88-0-NA	95-1-NA	5-0-NA	33718-2921-NA	350-4-NA	243453-5926-NA	205-2-NA	146-5-NA	233-0-NA	39-1-NA	9-1-NA	0-1-NA	12-0-NA	10-0-NA	10-0-NA	16-2-NA	1-0-NA	3-0-NA
2020-04-03	14:24:33	2020-04-03 14:24:33	273-6-NA	277-16-NA	986-86-NA	428-15-NA	8-2-NA	9-0-NA	1133-36-NA	663-7-NA	87-1-NA	2298-10-NA	21-0-NA	835-4-NA	367-0-NA	72-2-NA	1036-5-NA	400-2-NA	11129-158-NA	400-5-NA	24-1-NA	643-4-NA	56-6-NA	46-0-NA	304-4-NA	15348-1011-NA	13-0-NA	5-0-NA	123-8-NA	533-16-NA	8044-324-NA	133-1-NA	457-10-NA	288-16-NA	6-1-NA	110-0-NA	306-7-NA	969-13-NA	1121-31-NA	13-0-NA	167-1-NA	91-0-NA	183-1-NA	193-0-NA	2793-53-NA	22-0-NA	5518-36-NA	206-3-NA	3-0-NA	8-0-NA	3404-18-NA	990-6-NA	582-8-NA	579-6-NA	345-1-NA	138-2-NA	1507-8-NA	254-2-NA	146-2-NA	168-6-NA	325-6-NA	488-13-NA	1276-22-NA	802-4-NA	67802-3199-NA	1019-4-NA	117-1-NA	647-0-NA	937-1-NA	98-1-NA	141-2-NA	41-0-NA	75-0-NA	18-0-NA	255-3-NA	775-7-NA	522-6-NA	137-0-NA	554-3-NA	176-3-NA	1-0-NA	76-3-NA	183-2-NA	1258-1-NA	1161-19-NA	22-2-NA	134-13-NA	396-2-NA	194-1-NA	1011-7-NA	0-0-NA	233-6-NA	356-10-NA	3858-44-NA	177-0-NA	10-0-NA	3386-123-NA	40-0-NA	1380-60-NA	3163-120-NA	865-58-NA	41-2-NA	15-0-NA	22-0-NA	858-11-NA	9-0-NA	29-0-NA	7-0-NA	1518-19-NA	51-0-NA	37-0-NA	128-6-NA	116-1-NA	18-0-NA	308-0-NA	6-0-NA	22-1-NA	138-3-NA	59105-5387-NA	21-1-NA	4-1-NA	134-0-NA	84794-1107-NA	204-5-NA	1544-53-NA	47-1-NA	52-0-NA	19-4-NA	16-0-NA	7-0-NA	219-14-NA	585-21-NA	1319-4-NA	2543-72-NA	1790-170-NA	50468-3160-NA	772-54-NA	3849-98-NA	6857-36-NA	115242-13915-NA	47-3-NA	2495-62-NA	299-5-NA	435-3-NA	110-3-NA	9976-169-NA	342-0-NA	116-0-NA	458-0-NA	494-16-NA	6-0-NA	75-0-NA	649-9-NA	2487-30-NA	59-0-NA	3116-50-NA	19-0-NA	196-0-NA	6-1-NA	169-7-NA	1378-37-NA	505-6-NA	60-1-NA	14-0-NA	144-2-NA	708-44-NA	14-0-NA	6-0-NA	60-0-NA	11-1-NA	18-1-NA	14697-1339-NA	797-1-NA	5-1-NA	98-5-NA	184-2-NA	384-11-NA	5147-50-NA	231-1-NA	2421-34-NA	1317-32-NA	1-0-NA	77-3-NA	1414-55-NA	2633-107-NA	2946-57-NA	9034-209-NA	949-3-NA	2738-115-NA	3548-30-NA	84-0-NA	13-0-NA	2-0-NA	245-30-NA	1885-21-NA	195-1-NA	1171-31-NA	10-0-NA	1049-4-NA	426-1-NA	897-17-NA	5-0-NA	1462-5-NA	112065-10348-NA	151-4-NA	8-2-NA	10-0-NA	5568-308-NA	18827-536-NA	339-5-NA	20-1-NA	1875-15-NA	39-2-NA	94-5-NA	455-14-NA	18135-356-NA	45-0-NA	897-22-NA	1024-8-NA	35-0-NA	28-1-NA	193-3-NA	88-0-NA	95-1-NA	5-0-NA	33718-2921-NA	350-4-NA	243453-5926-NA	205-2-NA	146-5-NA	233-0-NA	39-1-NA	9-1-NA	0-1-NA	12-0-NA	10-0-NA	10-0-NA	16-2-NA	1-0-NA	3-0-NA
2020-04-03	14:25:31	2020-04-03 14:25:31	273-6-NA	277-16-NA	986-86-NA	428-15-NA	8-2-NA	9-0-NA	1133-36-NA	663-7-NA	87-1-NA	2298-10-NA	21-0-NA	835-4-NA	367-0-NA	72-2-NA	1036-5-NA	400-2-NA	11129-158-NA	400-5-NA	24-1-NA	643-4-NA	56-6-NA	46-0-NA	304-4-NA	15348-1011-NA	13-0-NA	5-0-NA	123-8-NA	533-16-NA	8044-324-NA	133-1-NA	457-10-NA	288-16-NA	6-1-NA	110-0-NA	306-7-NA	969-13-NA	1121-31-NA	13-0-NA	167-1-NA	91-0-NA	183-1-NA	193-0-NA	2793-53-NA	22-0-NA	5518-36-NA	206-3-NA	3-0-NA	8-0-NA	3404-18-NA	990-6-NA	582-8-NA	579-6-NA	345-1-NA	138-2-NA	1507-8-NA	254-2-NA	146-2-NA	168-6-NA	325-6-NA	488-13-NA	1276-22-NA	802-4-NA	67802-3199-NA	1019-4-NA	117-1-NA	647-0-NA	937-1-NA	98-1-NA	141-2-NA	41-0-NA	75-0-NA	18-0-NA	255-3-NA	775-7-NA	522-6-NA	137-0-NA	554-3-NA	176-3-NA	1-0-NA	76-3-NA	183-2-NA	1258-1-NA	1161-19-NA	22-2-NA	134-13-NA	396-2-NA	194-1-NA	1011-7-NA	0-0-NA	233-6-NA	356-10-NA	3858-44-NA	177-0-NA	10-0-NA	3386-123-NA	40-0-NA	1380-60-NA	3163-120-NA	865-58-NA	41-2-NA	15-0-NA	22-0-NA	858-11-NA	9-0-NA	29-0-NA	7-0-NA	1518-19-NA	51-0-NA	37-0-NA	128-6-NA	116-1-NA	18-0-NA	308-0-NA	6-0-NA	22-1-NA	138-3-NA	59105-5387-NA	21-1-NA	4-1-NA	134-0-NA	84794-1107-NA	204-5-NA	1544-53-NA	47-1-NA	52-0-NA	19-4-NA	16-0-NA	7-0-NA	219-14-NA	585-21-NA	1319-4-NA	2543-72-NA	1790-170-NA	50468-3160-NA	772-54-NA	3849-98-NA	6857-36-NA	115242-13915-NA	47-3-NA	2495-62-NA	299-5-NA	435-3-NA	110-3-NA	9976-169-NA	342-0-NA	116-0-NA	458-0-NA	494-16-NA	6-0-NA	75-0-NA	649-9-NA	2487-30-NA	59-0-NA	3116-50-NA	19-0-NA	196-0-NA	6-1-NA	169-7-NA	1378-37-NA	505-6-NA	60-1-NA	14-0-NA	144-2-NA	708-44-NA	14-0-NA	6-0-NA	60-0-NA	11-1-NA	18-1-NA	14697-1339-NA	797-1-NA	5-1-NA	98-5-NA	184-2-NA	384-11-NA	5147-50-NA	231-1-NA	2421-34-NA	1317-32-NA	1-0-NA	77-3-NA	1414-55-NA	2633-107-NA	2946-57-NA	9034-209-NA	949-3-NA	2738-115-NA	3548-30-NA	84-0-NA	13-0-NA	2-0-NA	245-30-NA	1885-21-NA	195-1-NA	1171-31-NA	10-0-NA	1049-4-NA	426-1-NA	897-17-NA	5-0-NA	1462-5-NA	112065-10348-NA	151-4-NA	8-2-NA	10-0-NA	5568-308-NA	18827-536-NA	339-5-NA	20-1-NA	1875-15-NA	39-2-NA	94-5-NA	455-14-NA	18135-356-NA	45-0-NA	897-22-NA	1024-8-NA	35-0-NA	28-1-NA	193-3-NA	88-0-NA	95-1-NA	5-0-NA	33718-2921-NA	350-4-NA	243453-5926-NA	205-2-NA	146-5-NA	233-0-NA	39-1-NA	9-1-NA	0-1-NA	12-0-NA	10-0-NA	10-0-NA	16-2-NA	1-0-NA	3-0-NA
2020-04-03	14:26:37	2020-04-03 14:26:37	273-6-NA	277-16-NA	986-86-NA	428-15-NA	8-2-NA	9-0-NA	1133-36-NA	663-7-NA	87-1-NA	2298-10-NA	21-0-NA	835-4-NA	367-0-NA	72-2-NA	1036-5-NA	400-2-NA	11129-158-NA	400-5-NA	24-1-NA	643-4-NA	56-6-NA	46-0-NA	304-4-NA	15348-1011-NA	13-0-NA	5-0-NA	123-8-NA	533-16-NA	8044-324-NA	133-1-NA	457-10-NA	288-16-NA	6-1-NA	110-0-NA	306-7-NA	969-13-NA	1121-31-NA	13-0-NA	167-1-NA	91-0-NA	183-1-NA	193-0-NA	2793-53-NA	22-0-NA	5518-36-NA	206-3-NA	3-0-NA	8-0-NA	3404-18-NA	990-6-NA	582-8-NA	579-6-NA	345-1-NA	138-2-NA	1507-8-NA	254-2-NA	146-2-NA	168-6-NA	325-6-NA	488-13-NA	1276-22-NA	802-4-NA	67802-3199-NA	1019-4-NA	117-1-NA	647-0-NA	937-1-NA	98-1-NA	141-2-NA	41-0-NA	75-0-NA	18-0-NA	255-3-NA	775-7-NA	522-6-NA	137-0-NA	554-3-NA	176-3-NA	1-0-NA	76-3-NA	183-2-NA	1258-1-NA	1161-19-NA	22-2-NA	134-13-NA	396-2-NA	194-1-NA	1011-7-NA	0-0-NA	233-6-NA	356-10-NA	3858-44-NA	177-0-NA	10-0-NA	3386-123-NA	40-0-NA	1380-60-NA	3163-120-NA	865-58-NA	41-2-NA	15-0-NA	22-0-NA	858-11-NA	9-0-NA	29-0-NA	7-0-NA	1518-19-NA	51-0-NA	37-0-NA	128-6-NA	116-1-NA	18-0-NA	308-0-NA	6-0-NA	22-1-NA	138-3-NA	59105-5387-NA	21-1-NA	4-1-NA	134-0-NA	84794-1107-NA	204-5-NA	1544-53-NA	47-1-NA	52-0-NA	19-4-NA	16-0-NA	7-0-NA	219-14-NA	585-21-NA	1319-4-NA	2543-72-NA	1790-170-NA	50468-3160-NA	772-54-NA	3849-98-NA	6857-36-NA	115242-13915-NA	47-3-NA	2495-62-NA	299-5-NA	435-3-NA	110-3-NA	9976-169-NA	342-0-NA	116-0-NA	458-0-NA	494-16-NA	6-0-NA	75-0-NA	649-9-NA	2487-30-NA	59-0-NA	3116-50-NA	19-0-NA	196-0-NA	6-1-NA	169-7-NA	1378-37-NA	505-6-NA	60-1-NA	14-0-NA	144-2-NA	708-44-NA	14-0-NA	6-0-NA	60-0-NA	11-1-NA	18-1-NA	14697-1339-NA	797-1-NA	5-1-NA	98-5-NA	184-2-NA	384-11-NA	5147-50-NA	231-1-NA	2421-34-NA	1317-32-NA	1-0-NA	77-3-NA	1414-55-NA	2633-107-NA	2946-57-NA	9034-209-NA	949-3-NA	2738-115-NA	3548-30-NA	84-0-NA	13-0-NA	2-0-NA	245-30-NA	1885-21-NA	195-1-NA	1171-31-NA	10-0-NA	1049-4-NA	426-1-NA	897-17-NA	5-0-NA	1462-5-NA	112065-10348-NA	151-4-NA	8-2-NA	10-0-NA	5568-308-NA	18827-536-NA	339-5-NA	20-1-NA	1875-15-NA	39-2-NA	94-5-NA	455-14-NA	18135-356-NA	45-0-NA	897-22-NA	1024-8-NA	35-0-NA	28-1-NA	193-3-NA	88-0-NA	95-1-NA	5-0-NA	33718-2921-NA	350-4-NA	243453-5926-NA	205-2-NA	146-5-NA	233-0-NA	39-1-NA	9-1-NA	0-1-NA	12-0-NA	10-0-NA	10-0-NA	16-2-NA	1-0-NA	3-0-NA
2020-04-03	14:27:32	2020-04-03 14:27:32	273-6-NA	277-16-NA	986-86-NA	428-15-NA	8-2-NA	9-0-NA	1133-36-NA	663-7-NA	87-1-NA	2298-10-NA	21-0-NA	835-4-NA	367-0-NA	72-2-NA	1036-5-NA	400-2-NA	11129-158-NA	400-5-NA	24-1-NA	643-4-NA	56-6-NA	46-0-NA	304-4-NA	15348-1011-NA	13-0-NA	5-0-NA	123-8-NA	533-16-NA	8044-324-NA	133-1-NA	457-10-NA	288-16-NA	6-1-NA	110-0-NA	306-7-NA	969-13-NA	1121-31-NA	13-0-NA	167-1-NA	91-0-NA	183-1-NA	193-0-NA	2793-53-NA	22-0-NA	5518-36-NA	206-3-NA	3-0-NA	8-0-NA	3404-18-NA	990-6-NA	582-8-NA	579-6-NA	345-1-NA	138-2-NA	1507-8-NA	254-2-NA	146-2-NA	168-6-NA	325-6-NA	488-13-NA	1276-22-NA	802-4-NA	67802-3199-NA	1019-4-NA	117-1-NA	647-0-NA	937-1-NA	98-1-NA	141-2-NA	41-0-NA	75-0-NA	18-0-NA	255-3-NA	775-7-NA	522-6-NA	137-0-NA	554-3-NA	176-3-NA	1-0-NA	76-3-NA	183-2-NA	1258-1-NA	1161-19-NA	22-2-NA	134-13-NA	396-2-NA	194-1-NA	1011-7-NA	0-0-NA	233-6-NA	356-10-NA	3858-44-NA	177-0-NA	10-0-NA	3386-123-NA	40-0-NA	1380-60-NA	3163-120-NA	865-58-NA	41-2-NA	15-0-NA	22-0-NA	858-11-NA	9-0-NA	29-0-NA	7-0-NA	1518-19-NA	51-0-NA	37-0-NA	128-6-NA	116-1-NA	18-0-NA	308-0-NA	6-0-NA	22-1-NA	138-3-NA	59105-5387-NA	21-1-NA	4-1-NA	134-0-NA	84794-1107-NA	204-5-NA	1544-53-NA	47-1-NA	52-0-NA	19-4-NA	16-0-NA	7-0-NA	219-14-NA	585-21-NA	1319-4-NA	2543-72-NA	1790-170-NA	50468-3160-NA	772-54-NA	3849-98-NA	6857-36-NA	115242-13915-NA	47-3-NA	2495-62-NA	299-5-NA	435-3-NA	110-3-NA	9976-169-NA	342-0-NA	116-0-NA	458-0-NA	494-16-NA	6-0-NA	75-0-NA	649-9-NA	2487-30-NA	59-0-NA	3116-50-NA	19-0-NA	196-0-NA	6-1-NA	169-7-NA	1378-37-NA	505-6-NA	60-1-NA	14-0-NA	144-2-NA	708-44-NA	14-0-NA	6-0-NA	60-0-NA	11-1-NA	18-1-NA	14697-1339-NA	797-1-NA	5-1-NA	98-5-NA	184-2-NA	384-11-NA	5147-50-NA	231-1-NA	2421-34-NA	1317-32-NA	1-0-NA	77-3-NA	1414-55-NA	2633-107-NA	2946-57-NA	9034-209-NA	949-3-NA	2738-115-NA	3548-30-NA	84-0-NA	13-0-NA	2-0-NA	245-30-NA	1885-21-NA	195-1-NA	1171-31-NA	10-0-NA	1049-4-NA	426-1-NA	897-17-NA	5-0-NA	1462-5-NA	112065-10348-NA	151-4-NA	8-2-NA	10-0-NA	5568-308-NA	18827-536-NA	339-5-NA	20-1-NA	1875-15-NA	39-2-NA	94-5-NA	455-14-NA	18135-356-NA	45-0-NA	897-22-NA	1024-8-NA	35-0-NA	28-1-NA	193-3-NA	88-0-NA	95-1-NA	5-0-NA	33718-2921-NA	350-4-NA	243453-5926-NA	205-2-NA	146-5-NA	233-0-NA	39-1-NA	9-1-NA	0-1-NA	12-0-NA	10-0-NA	10-0-NA	16-2-NA	1-0-NA	3-0-NA
2020-04-03	15:30:34	2020-04-03 15:30:34	273-6-NA	277-16-NA	986-86-NA	428-15-NA	8-2-NA	9-0-NA	1133-36-NA	663-7-NA	87-1-NA	2298-10-NA	21-0-NA	835-4-NA	367-0-NA	72-2-NA	1036-5-NA	400-2-NA	11129-158-NA	400-5-NA	24-1-NA	643-4-NA	56-6-NA	46-0-NA	304-4-NA	15348-1011-NA	13-0-NA	5-0-NA	123-8-NA	533-16-NA	8044-324-NA	133-1-NA	457-10-NA	288-16-NA	6-1-NA	110-0-NA	306-7-NA	969-13-NA	1121-31-NA	13-0-NA	167-1-NA	91-0-NA	183-1-NA	193-0-NA	2793-53-NA	22-0-NA	5518-36-NA	206-3-NA	3-0-NA	8-0-NA	3404-18-NA	990-6-NA	582-8-NA	579-6-NA	345-1-NA	138-2-NA	1507-8-NA	254-2-NA	146-2-NA	168-6-NA	325-6-NA	488-13-NA	1276-22-NA	802-4-NA	67802-3199-NA	1019-4-NA	117-1-NA	647-0-NA	937-1-NA	98-1-NA	141-2-NA	41-0-NA	75-0-NA	18-0-NA	255-3-NA	775-7-NA	522-6-NA	137-0-NA	554-3-NA	176-3-NA	1-0-NA	76-3-NA	183-2-NA	1258-1-NA	1161-19-NA	22-2-NA	134-13-NA	396-2-NA	194-1-NA	1011-7-NA	0-0-NA	233-6-NA	356-10-NA	3858-44-NA	177-0-NA	10-0-NA	3386-123-NA	40-0-NA	1380-60-NA	3163-120-NA	865-58-NA	41-2-NA	15-0-NA	22-0-NA	858-11-NA	9-0-NA	29-0-NA	7-0-NA	1518-19-NA	51-0-NA	37-0-NA	128-6-NA	116-1-NA	18-0-NA	308-0-NA	6-0-NA	22-1-NA	138-3-NA	59105-5387-NA	21-1-NA	4-1-NA	134-0-NA	84794-1107-NA	204-5-NA	1544-53-NA	47-1-NA	52-0-NA	19-4-NA	16-0-NA	7-0-NA	219-14-NA	585-21-NA	1319-4-NA	2543-72-NA	1790-170-NA	50468-3160-NA	772-54-NA	3849-98-NA	6857-36-NA	115242-13915-NA	47-3-NA	2495-62-NA	299-5-NA	435-3-NA	110-3-NA	9976-169-NA	342-0-NA	116-0-NA	458-0-NA	494-16-NA	6-0-NA	75-0-NA	649-9-NA	2487-30-NA	59-0-NA	3116-50-NA	19-0-NA	196-0-NA	6-1-NA	169-7-NA	1378-37-NA	505-6-NA	60-1-NA	14-0-NA	144-2-NA	708-44-NA	14-0-NA	6-0-NA	60-0-NA	11-1-NA	18-1-NA	14697-1339-NA	797-1-NA	5-1-NA	98-5-NA	184-2-NA	384-11-NA	5147-50-NA	231-1-NA	2421-34-NA	1317-32-NA	1-0-NA	77-3-NA	1414-55-NA	2633-107-NA	2946-57-NA	9034-209-NA	949-3-NA	2738-115-NA	3548-30-NA	84-0-NA	13-0-NA	2-0-NA	245-30-NA	1885-21-NA	195-1-NA	1171-31-NA	10-0-NA	1049-4-NA	426-1-NA	897-17-NA	5-0-NA	1462-5-NA	112065-10348-NA	151-4-NA	8-2-NA	10-0-NA	5568-308-NA	18827-536-NA	339-5-NA	20-1-NA	1875-15-NA	39-2-NA	94-5-NA	455-14-NA	18135-356-NA	45-0-NA	897-22-NA	1024-8-NA	35-0-NA	28-1-NA	193-3-NA	88-0-NA	95-1-NA	5-0-NA	33718-2921-NA	350-4-NA	243453-5926-NA	205-2-NA	146-5-NA	233-0-NA	39-1-NA	9-1-NA	0-1-NA	12-0-NA	10-0-NA	10-0-NA	16-2-NA	1-0-NA	3-0-NA
2020-04-03	23:30:37	2020-04-03 23:30:37	281-6-NA	304-17-NA	1171-105-NA	439-16-NA	8-2-NA	15-0-NA	1265-39-NA	736-7-NA	91-1-NA	2389-12-NA	22-0-NA	873-4-NA	396-0-NA	74-2-NA	1085-7-NA	400-2-NA	11524-168-NA	443-5-NA	24-1-NA	672-4-NA	61-6-NA	51-0-NA	351-4-NA	16770-1143-NA	16-0-NA	5-0-NA	132-9-NA	579-17-NA	9056-359-NA	134-1-NA	485-14-NA	302-16-NA	6-1-NA	114-0-NA	509-8-NA	969-13-NA	1174-31-NA	13-0-NA	182-2-NA	91-0-NA	195-1-NA	207-0-NA	3255-67-NA	22-0-NA	6101-61-NA	220-3-NA	8-0-NA	8-0-NA	3737-22-NA	990-6-NA	584-8-NA	579-6-NA	349-1-NA	138-2-NA	1514-8-NA	254-2-NA	146-2-NA	168-6-NA	326-6-NA	489-13-NA	1276-22-NA	845-4-NA	67802-3203-NA	1019-4-NA	117-1-NA	651-0-NA	937-1-NA	98-1-NA	141-2-NA	43-0-NA	75-0-NA	18-0-NA	255-3-NA	778-7-NA	526-6-NA	137-0-NA	555-3-NA	180-3-NA	1-0-NA	76-3-NA	184-2-NA	1260-1-NA	1267-25-NA	22-2-NA	134-13-NA	416-2-NA	218-1-NA	1079-8-NA	0-0-NA	269-6-NA	396-11-NA	4091-53-NA	179-0-NA	10-0-NA	3757-139-NA	49-0-NA	1488-68-NA	3368-145-NA	985-66-NA	46-2-NA	16-0-NA	22-0-NA	961-12-NA	9-0-NA	35-0-NA	7-0-NA	1615-20-NA	57-0-NA	39-0-NA	130-7-NA	128-2-NA	18-0-NA	321-0-NA	6-0-NA	22-1-NA	143-3-NA	64338-6507-NA	21-1-NA	4-1-NA	155-0-NA	91159-1275-NA	205-5-NA	1613-63-NA	50-1-NA	73-0-NA	23-4-NA	18-0-NA	7-0-NA	222-15-NA	623-26-NA	1364-4-NA	2567-72-NA	1986-181-NA	53183-3294-NA	820-54-NA	4273-120-NA	7428-40-NA	119827-14681-NA	47-3-NA	2617-63-NA	310-5-NA	464-6-NA	122-4-NA	10062-174-NA	417-0-NA	130-1-NA	493-1-NA	508-17-NA	7-0-NA	75-0-NA	696-9-NA	2612-31-NA	70-0-NA	3333-53-NA	19-0-NA	202-0-NA	6-1-NA	186-7-NA	1510-50-NA	591-8-NA	64-1-NA	14-0-NA	174-2-NA	791-48-NA	14-0-NA	6-0-NA	62-0-NA	11-1-NA	23-2-NA	15723-1487-NA	868-1-NA	5-1-NA	120-5-NA	210-4-NA	430-12-NA	5370-59-NA	252-1-NA	2686-40-NA	1475-37-NA	1-0-NA	92-3-NA	1595-61-NA	3018-136-NA	3383-71-NA	9886-246-NA	1075-3-NA	3183-133-NA	4149-34-NA	89-0-NA	13-0-NA	3-0-NA	245-30-NA	2039-25-NA	207-1-NA	1476-39-NA	10-0-NA	1114-5-NA	450-1-NA	934-20-NA	7-0-NA	1505-9-NA	119199-11198-NA	159-4-NA	10-2-NA	10-1-NA	6131-358-NA	19606-591-NA	348-5-NA	20-1-NA	1978-19-NA	40-3-NA	98-6-NA	495-18-NA	20921-425-NA	48-0-NA	1072-27-NA	1264-9-NA	35-0-NA	28-1-NA	232-4-NA	95-0-NA	114-1-NA	6-0-NA	38168-3605-NA	369-4-NA	275586-7087-NA	227-2-NA	153-7-NA	237-0-NA	39-1-NA	9-1-NA	0-1-NA	12-0-NA	12-0-NA	10-0-NA	16-2-NA	1-0-NA	4-0-NA
2020-04-04	08:30:33	2020-04-04 08:30:33	281-6-NA	304-17-NA	1171-105-NA	439-16-NA	8-2-NA	15-0-NA	1265-39-NA	736-7-NA	91-1-NA	2389-12-NA	22-0-NA	873-4-NA	396-0-NA	74-2-NA	1085-7-NA	400-2-NA	11524-168-NA	443-5-NA	24-1-NA	672-4-NA	61-6-NA	51-0-NA	351-4-NA	16770-1143-NA	16-0-NA	5-0-NA	132-9-NA	579-17-NA	9056-359-NA	134-1-NA	485-14-NA	302-16-NA	6-1-NA	114-0-NA	509-8-NA	969-13-NA	1174-31-NA	13-0-NA	182-2-NA	91-0-NA	195-1-NA	207-0-NA	3255-67-NA	22-0-NA	6101-61-NA	220-3-NA	8-0-NA	8-0-NA	3737-22-NA	990-6-NA	584-8-NA	579-6-NA	349-1-NA	138-2-NA	1514-8-NA	254-2-NA	146-2-NA	168-6-NA	326-6-NA	489-13-NA	1276-22-NA	845-4-NA	67802-3203-NA	1019-4-NA	117-1-NA	651-0-NA	937-1-NA	98-1-NA	141-2-NA	43-0-NA	75-0-NA	18-0-NA	255-3-NA	778-7-NA	526-6-NA	137-0-NA	555-3-NA	180-3-NA	1-0-NA	76-3-NA	184-2-NA	1260-1-NA	1267-25-NA	22-2-NA	134-13-NA	416-2-NA	218-1-NA	1079-8-NA	0-0-NA	269-6-NA	396-11-NA	4091-53-NA	179-0-NA	10-0-NA	3757-139-NA	49-0-NA	1488-68-NA	3368-145-NA	985-66-NA	46-2-NA	16-0-NA	22-0-NA	961-12-NA	9-0-NA	35-0-NA	7-0-NA	1615-20-NA	57-0-NA	39-0-NA	130-7-NA	128-2-NA	18-0-NA	321-0-NA	6-0-NA	22-1-NA	143-3-NA	64338-6507-NA	21-1-NA	4-1-NA	155-0-NA	91159-1275-NA	205-5-NA	1613-63-NA	50-1-NA	73-0-NA	23-4-NA	18-0-NA	7-0-NA	222-15-NA	623-26-NA	1364-4-NA	2567-72-NA	1986-181-NA	53183-3294-NA	820-54-NA	4273-120-NA	7428-40-NA	119827-14681-NA	47-3-NA	2617-63-NA	310-5-NA	464-6-NA	122-4-NA	10062-174-NA	417-0-NA	130-1-NA	493-1-NA	508-17-NA	7-0-NA	75-0-NA	696-9-NA	2612-31-NA	70-0-NA	3333-53-NA	19-0-NA	202-0-NA	6-1-NA	186-7-NA	1510-50-NA	591-8-NA	64-1-NA	14-0-NA	174-2-NA	791-48-NA	14-0-NA	6-0-NA	62-0-NA	11-1-NA	23-2-NA	15723-1487-NA	868-1-NA	5-1-NA	120-5-NA	210-4-NA	430-12-NA	5370-59-NA	252-1-NA	2686-40-NA	1475-37-NA	1-0-NA	92-3-NA	1595-61-NA	3018-136-NA	3383-71-NA	9886-246-NA	1075-3-NA	3183-133-NA	4149-34-NA	89-0-NA	13-0-NA	3-0-NA	245-30-NA	2039-25-NA	207-1-NA	1476-39-NA	10-0-NA	1114-5-NA	450-1-NA	934-20-NA	7-0-NA	1505-9-NA	119199-11198-NA	159-4-NA	10-2-NA	10-1-NA	6131-358-NA	19606-591-NA	348-5-NA	20-1-NA	1978-19-NA	40-3-NA	98-6-NA	495-18-NA	20921-425-NA	48-0-NA	1072-27-NA	1264-9-NA	35-0-NA	28-1-NA	232-4-NA	95-0-NA	114-1-NA	6-0-NA	38168-3605-NA	369-4-NA	275586-7087-NA	227-2-NA	153-7-NA	237-0-NA	39-1-NA	9-1-NA	0-1-NA	12-0-NA	12-0-NA	10-0-NA	16-2-NA	1-0-NA	4-0-NA
2020-04-04	15:30:31	2020-04-04 15:30:31	281-6-NA	304-17-NA	1171-105-NA	439-16-NA	8-2-NA	15-0-NA	1265-39-NA	736-7-NA	91-1-NA	2389-12-NA	22-0-NA	873-4-NA	396-0-NA	74-2-NA	1085-7-NA	400-2-NA	11524-168-NA	443-5-NA	24-1-NA	672-4-NA	61-6-NA	51-0-NA	351-4-NA	16770-1143-NA	16-0-NA	5-0-NA	132-9-NA	579-17-NA	9056-359-NA	134-1-NA	485-14-NA	302-16-NA	6-1-NA	114-0-NA	509-8-NA	969-13-NA	1174-31-NA	13-0-NA	182-2-NA	91-0-NA	195-1-NA	207-0-NA	3255-67-NA	22-0-NA	6101-61-NA	220-3-NA	8-0-NA	8-0-NA	3737-22-NA	990-6-NA	584-8-NA	579-6-NA	349-1-NA	138-2-NA	1514-8-NA	254-2-NA	146-2-NA	168-6-NA	326-6-NA	489-13-NA	1276-22-NA	845-4-NA	67802-3203-NA	1019-4-NA	117-1-NA	651-0-NA	937-1-NA	98-1-NA	141-2-NA	43-0-NA	75-0-NA	18-0-NA	255-3-NA	778-7-NA	526-6-NA	137-0-NA	555-3-NA	180-3-NA	1-0-NA	76-3-NA	184-2-NA	1260-1-NA	1267-25-NA	22-2-NA	134-13-NA	416-2-NA	218-1-NA	1079-8-NA	0-0-NA	269-6-NA	396-11-NA	4091-53-NA	179-0-NA	10-0-NA	3757-139-NA	49-0-NA	1488-68-NA	3368-145-NA	985-66-NA	46-2-NA	16-0-NA	22-0-NA	961-12-NA	9-0-NA	35-0-NA	7-0-NA	1615-20-NA	57-0-NA	39-0-NA	130-7-NA	128-2-NA	18-0-NA	321-0-NA	6-0-NA	22-1-NA	143-3-NA	64338-6507-NA	21-1-NA	4-1-NA	155-0-NA	91159-1275-NA	205-5-NA	1613-63-NA	50-1-NA	73-0-NA	23-4-NA	18-0-NA	7-0-NA	222-15-NA	623-26-NA	1364-4-NA	2567-72-NA	1986-181-NA	53183-3294-NA	820-54-NA	4273-120-NA	7428-40-NA	119827-14681-NA	47-3-NA	2617-63-NA	310-5-NA	464-6-NA	122-4-NA	10062-174-NA	417-0-NA	130-1-NA	493-1-NA	508-17-NA	7-0-NA	75-0-NA	696-9-NA	2612-31-NA	70-0-NA	3333-53-NA	19-0-NA	202-0-NA	6-1-NA	186-7-NA	1510-50-NA	591-8-NA	64-1-NA	14-0-NA	174-2-NA	791-48-NA	14-0-NA	6-0-NA	62-0-NA	11-1-NA	23-2-NA	15723-1487-NA	868-1-NA	5-1-NA	120-5-NA	210-4-NA	430-12-NA	5370-59-NA	252-1-NA	2686-40-NA	1475-37-NA	1-0-NA	92-3-NA	1595-61-NA	3018-136-NA	3383-71-NA	9886-246-NA	1075-3-NA	3183-133-NA	4149-34-NA	89-0-NA	13-0-NA	3-0-NA	245-30-NA	2039-25-NA	207-1-NA	1476-39-NA	10-0-NA	1114-5-NA	450-1-NA	934-20-NA	7-0-NA	1505-9-NA	119199-11198-NA	159-4-NA	10-2-NA	10-1-NA	6131-358-NA	19606-591-NA	348-5-NA	20-1-NA	1978-19-NA	40-3-NA	98-6-NA	495-18-NA	20921-425-NA	48-0-NA	1072-27-NA	1264-9-NA	35-0-NA	28-1-NA	232-4-NA	95-0-NA	114-1-NA	6-0-NA	38168-3605-NA	369-4-NA	275586-7087-NA	227-2-NA	153-7-NA	237-0-NA	39-1-NA	9-1-NA	0-1-NA	12-0-NA	12-0-NA	10-0-NA	16-2-NA	1-0-NA	4-0-NA
2020-04-04	23:30:32	2020-04-04 23:30:32	299-7-NA	333-20-NA	1251-130-NA	466-17-NA	10-2-NA	15-0-NA	1451-43-NA	770-7-NA	93-2-NA	2493-12-NA	26-0-NA	900-4-NA	407-0-NA	80-2-NA	1115-8-NA	436-2-NA	11781-186-NA	521-5-NA	28-4-NA	688-4-NA	70-8-NA	52-0-NA	440-5-NA	18431-1283-NA	16-0-NA	5-0-NA	139-10-NA	624-21-NA	10360-445-NA	135-1-NA	503-17-NA	318-16-NA	7-1-NA	114-0-NA	555-9-NA	1075-18-NA	1203-38-NA	13-0-NA	182-2-NA	91-0-NA	195-1-NA	236-0-NA	3630-94-NA	22-0-NA	6101-61-NA	220-3-NA	8-0-NA	9-0-NA	4161-27-NA	990-6-NA	585-8-NA	579-6-NA	350-1-NA	138-2-NA	1516-8-NA	254-2-NA	146-2-NA	168-6-NA	326-6-NA	491-13-NA	1276-22-NA	862-4-NA	67803-3207-NA	1019-4-NA	117-1-NA	651-0-NA	937-1-NA	98-1-NA	141-2-NA	43-0-NA	75-0-NA	18-0-NA	256-3-NA	778-7-NA	529-6-NA	137-0-NA	557-3-NA	180-3-NA	1-0-NA	76-3-NA	184-2-NA	1262-1-NA	1406-32-NA	22-2-NA	154-18-NA	435-2-NA	245-1-NA	1126-12-NA	0-0-NA	288-6-NA	426-11-NA	4472-59-NA	181-0-NA	11-0-NA	4077-161-NA	50-0-NA	1488-68-NA	3465-172-NA	1070-71-NA	56-3-NA	16-0-NA	29-0-NA	1039-13-NA	9-0-NA	38-0-NA	12-0-NA	1882-25-NA	61-0-NA	40-0-NA	134-7-NA	134-2-NA	17-0-NA	334-0-NA	6-0-NA	24-2-NA	145-3-NA	89953-7560-NA	21-1-NA	4-1-NA	162-1-NA	96092-1444-NA	205-5-NA	1673-68-NA	61-2-NA	111-0-NA	23-4-NA	20-0-NA	7-0-NA	264-15-NA	678-32-NA	1417-4-NA	3082-86-NA	2092-191-NA	55743-3452-NA	878-56-NA	4604-137-NA	7851-44-NA	124632-15362-NA	53-3-NA	3139-77-NA	323-5-NA	531-5-NA	126-4-NA	10156-177-NA	479-1-NA	144-1-NA	509-1-NA	520-17-NA	10-1-NA	77-1-NA	771-11-NA	2729-31-NA	70-0-NA	3483-57-NA	19-0-NA	213-0-NA	6-1-NA	196-7-NA	1688-60-NA	752-12-NA	66-1-NA	14-0-NA	201-2-NA	919-59-NA	14-0-NA	9-0-NA	64-0-NA	11-1-NA	23-4-NA	16627-1651-NA	950-1-NA	5-1-NA	144-8-NA	214-4-NA	483-17-NA	5550-62-NA	277-2-NA	2818-41-NA	1673-41-NA	1-0-NA	96-3-NA	1746-73-NA	3094-144-NA	3627-79-NA	10524-266-NA	1325-3-NA	3613-146-NA	4731-43-NA	102-0-NA	14-0-NA	7-0-NA	259-32-NA	2179-29-NA	219-2-NA	1624-44-NA	10-0-NA	1189-6-NA	471-1-NA	977-22-NA	7-0-NA	1585-9-NA	126168-11947-NA	166-5-NA	10-2-NA	10-1-NA	6443-373-NA	20505-666-NA	355-5-NA	20-1-NA	2067-20-NA	41-3-NA	103-6-NA	553-18-NA	23934-501-NA	48-0-NA	1225-32-NA	1505-10-NA	35-0-NA	35-1-NA	262-5-NA	98-0-NA	126-1-NA	6-0-NA	41903-4313-NA	400-5-NA	308850-8407-NA	266-2-NA	155-7-NA	240-0-NA	39-1-NA	9-1-NA	0-1-NA	14-0-NA	12-0-NA	10-0-NA	16-2-NA	1-0-NA	4-0-NA
2020-04-05	08:30:33	2020-04-05 08:30:33	299-7-NA	333-20-NA	1251-130-NA	466-17-NA	10-2-NA	15-0-NA	1451-43-NA	770-7-NA	93-2-NA	2493-12-NA	26-0-NA	900-4-NA	407-0-NA	80-2-NA	1115-8-NA	436-2-NA	11781-186-NA	521-5-NA	28-4-NA	688-4-NA	70-8-NA	52-0-NA	440-5-NA	18431-1283-NA	16-0-NA	5-0-NA	139-10-NA	624-21-NA	10360-445-NA	135-1-NA	503-17-NA	318-16-NA	7-1-NA	114-0-NA	555-9-NA	1075-18-NA	1203-38-NA	13-0-NA	182-2-NA	91-0-NA	195-1-NA	236-0-NA	3630-94-NA	22-0-NA	6101-61-NA	220-3-NA	8-0-NA	9-0-NA	4161-27-NA	990-6-NA	585-8-NA	579-6-NA	350-1-NA	138-2-NA	1516-8-NA	254-2-NA	146-2-NA	168-6-NA	326-6-NA	491-13-NA	1276-22-NA	862-4-NA	67803-3207-NA	1019-4-NA	117-1-NA	651-0-NA	937-1-NA	98-1-NA	141-2-NA	43-0-NA	75-0-NA	18-0-NA	256-3-NA	778-7-NA	529-6-NA	137-0-NA	557-3-NA	180-3-NA	1-0-NA	76-3-NA	184-2-NA	1262-1-NA	1406-32-NA	22-2-NA	154-18-NA	435-2-NA	245-1-NA	1126-12-NA	0-0-NA	288-6-NA	426-11-NA	4472-59-NA	181-0-NA	11-0-NA	4077-161-NA	50-0-NA	1488-68-NA	3465-172-NA	1070-71-NA	56-3-NA	16-0-NA	29-0-NA	1039-13-NA	9-0-NA	38-0-NA	12-0-NA	1882-25-NA	61-0-NA	40-0-NA	134-7-NA	134-2-NA	17-0-NA	334-0-NA	6-0-NA	24-2-NA	145-3-NA	89953-7560-NA	21-1-NA	4-1-NA	162-1-NA	96092-1444-NA	205-5-NA	1673-68-NA	61-2-NA	111-0-NA	23-4-NA	20-0-NA	7-0-NA	264-15-NA	678-32-NA	1417-4-NA	3082-86-NA	2092-191-NA	55743-3452-NA	878-56-NA	4604-137-NA	7851-44-NA	124632-15362-NA	53-3-NA	3139-77-NA	323-5-NA	531-5-NA	126-4-NA	10156-177-NA	479-1-NA	144-1-NA	509-1-NA	520-17-NA	10-1-NA	77-1-NA	771-11-NA	2729-31-NA	70-0-NA	3483-57-NA	19-0-NA	213-0-NA	6-1-NA	196-7-NA	1688-60-NA	752-12-NA	66-1-NA	14-0-NA	201-2-NA	919-59-NA	14-0-NA	9-0-NA	64-0-NA	11-1-NA	23-4-NA	16627-1651-NA	950-1-NA	5-1-NA	144-8-NA	214-4-NA	483-17-NA	5550-62-NA	277-2-NA	2818-41-NA	1673-41-NA	1-0-NA	96-3-NA	1746-73-NA	3094-144-NA	3627-79-NA	10524-266-NA	1325-3-NA	3613-146-NA	4731-43-NA	102-0-NA	14-0-NA	7-0-NA	259-32-NA	2179-29-NA	219-2-NA	1624-44-NA	10-0-NA	1189-6-NA	471-1-NA	977-22-NA	7-0-NA	1585-9-NA	126168-11947-NA	166-5-NA	10-2-NA	10-1-NA	6443-373-NA	20505-666-NA	355-5-NA	20-1-NA	2067-20-NA	41-3-NA	103-6-NA	553-18-NA	23934-501-NA	48-0-NA	1225-32-NA	1505-10-NA	35-0-NA	35-1-NA	262-5-NA	98-0-NA	126-1-NA	6-0-NA	41903-4313-NA	400-5-NA	308850-8407-NA	266-2-NA	155-7-NA	240-0-NA	39-1-NA	9-1-NA	0-1-NA	14-0-NA	12-0-NA	10-0-NA	16-2-NA	1-0-NA	4-0-NA

2020-04-05	15:30:31	2020-04-05 15:30:31	299-7-NA	333-20-NA	1251-130-NA	466-17-NA	10-2-NA	15-0-NA	1451-43-NA	770-7-NA	93-2-NA	2493-12-NA	26-0-NA	900-4-NA	407-0-NA	80-2-NA	1115-8-NA	436-2-NA	11781-186-NA	521-5-NA	28-4-NA	688-4-NA	70-8-NA	52-0-NA	440-5-NA	18431-1283-NA	16-0-NA	5-0-NA	139-10-NA	624-21-NA	10360-445-NA	135-1-NA	503-17-NA	318-16-NA	7-1-NA	114-0-NA	555-9-NA	1075-18-NA	1203-38-NA	13-0-NA	182-2-NA	91-0-NA	195-1-NA	236-0-NA	3630-94-NA	22-0-NA	6101-61-NA	220-3-NA	8-0-NA	9-0-NA	4161-27-NA	990-6-NA	585-8-NA	579-6-NA	350-1-NA	138-2-NA	1516-8-NA	254-2-NA	146-2-NA	168-6-NA	326-6-NA	491-13-NA	1276-22-NA	862-4-NA	67803-3207-NA	1019-4-NA	117-1-NA	651-0-NA	937-1-NA	98-1-NA	141-2-NA	43-0-NA	75-0-NA	18-0-NA	256-3-NA	778-7-NA	529-6-NA	137-0-NA	557-3-NA	180-3-NA	1-0-NA	76-3-NA	184-2-NA	1262-1-NA	1406-32-NA	22-2-NA	154-18-NA	435-2-NA	245-1-NA	1126-12-NA	0-0-NA	288-6-NA	426-11-NA	4472-59-NA	181-0-NA	11-0-NA	4077-161-NA	50-0-NA	1488-68-NA	3465-172-NA	1070-71-NA	56-3-NA	16-0-NA	29-0-NA	1039-13-NA	9-0-NA	38-0-NA	12-0-NA	1882-25-NA	61-0-NA	40-0-NA	134-7-NA	134-2-NA	17-0-NA	334-0-NA	6-0-NA	24-2-NA	145-3-NA	89953-7560-NA	21-1-NA	4-1-NA	162-1-NA	96092-1444-NA	205-5-NA	1673-68-NA	61-2-NA	111-0-NA	23-4-NA	20-0-NA	7-0-NA	264-15-NA	678-32-NA	1417-4-NA	3082-86-NA	2092-191-NA	55743-3452-NA	878-56-NA	4604-137-NA	7851-44-NA	124632-15362-NA	53-3-NA	3139-77-NA	323-5-NA	531-5-NA	126-4-NA	0-0-NA	479-1-NA	144-1-NA	509-1-NA	520-17-NA	10-1-NA	77-1-NA	771-11-NA	2729-31-NA	70-0-NA	3483-57-NA	19-0-NA	213-0-NA	6-1-NA	196-7-NA	1688-60-NA	752-12-NA	66-1-NA	14-0-NA	201-2-NA	919-59-NA	14-0-NA	9-0-NA	64-0-NA	11-1-NA	23-4-NA	16627-1651-NA	950-1-NA	5-1-NA	144-8-NA	214-4-NA	483-17-NA	5550-62-NA	277-2-NA	2818-41-NA	1673-41-NA	1-0-NA	96-3-NA	1746-73-NA	3094-144-NA	3627-79-NA	10524-266-NA	1325-3-NA	3613-146-NA	4731-43-NA	102-0-NA	14-0-NA	7-0-NA	259-32-NA	2179-29-NA	219-2-NA	1624-44-NA	10-0-NA	1189-6-NA	471-1-NA	977-22-NA	7-0-NA	1585-9-NA	126168-11947-NA	166-5-NA	10-2-NA	10-1-NA	6443-373-NA	20505-666-NA	355-5-NA	20-1-NA	2067-20-NA	41-3-NA	103-6-NA	553-18-NA	23934-501-NA	48-0-NA	1225-32-NA	1505-10-NA	35-0-NA	35-1-NA	262-5-NA	98-0-NA	126-1-NA	6-0-NA	41903-4313-NA	400-5-NA	308850-8407-NA	266-2-NA	155-7-NA	240-0-NA	39-1-NA	9-1-NA	0-1-NA	14-0-NA	12-0-NA	10-0-NA	16-2-NA	1-0-NA	4-0-NA
2020-04-05	23:30:32	2020-04-05 23:30:32	349-7-NA	361-20-NA	1320-152-NA	501-18-NA	14-2-NA	15-0-NA	1451-44-NA	822-7-NA	96-2-NA	2580-16-NA	27-0-NA	907-4-NA	407-0-NA	82-2-NA	1135-8-NA	453-3-NA	12051-204-NA	584-7-NA	28-4-NA	700-4-NA	88-9-NA	56-1-NA	562-8-NA	19691-1447-NA	22-0-NA	5-0-NA	157-10-NA	654-23-NA	11130-486-NA	135-1-NA	531-20-NA	345-17-NA	7-1-NA	114-0-NA	650-9-NA	1181-20-NA	1203-38-NA	13-0-NA	203-2-NA	98-0-NA	217-1-NA	262-0-NA	4354-119-NA	22-0-NA	7944-75-NA	249-3-NA	8-0-NA	9-0-NA	4471-34-NA	990-6-NA	586-8-NA	579-6-NA	350-1-NA	138-2-NA	1524-8-NA	254-2-NA	146-2-NA	168-6-NA	327-6-NA	504-13-NA	1276-22-NA	890-4-NA	67803-3210-NA	1019-4-NA	117-1-NA	651-0-NA	937-1-NA	98-1-NA	142-2-NA	44-0-NA	75-0-NA	18-0-NA	256-3-NA	779-7-NA	531-6-NA	138-0-NA	558-3-NA	180-3-NA	1-0-NA	76-3-NA	184-2-NA	1263-1-NA	1485-35-NA	45-5-NA	154-18-NA	454-2-NA	261-3-NA	1182-15-NA	0-0-NA	320-8-NA	446-9-NA	4587-67-NA	181-0-NA	11-0-NA	4369-179-NA	59-0-NA	1745-82-NA	3646-180-NA	1173-78-NA	62-3-NA	16-0-NA	29-0-NA	1097-15-NA	9-0-NA	43-2-NA	12-0-NA	1927-28-NA	61-0-NA	41-0-NA	135-7-NA	147-2-NA	18-0-NA	344-0-NA	6-0-NA	32-2-NA	149-4-NA	92839-8078-NA	21-1-NA	4-1-NA	174-2-NA	100123-1584-NA	214-5-NA	1735-73-NA	61-2-NA	121-0-NA	24-4-NA	21-1-NA	7-0-NA	268-22-NA	733-34-NA	1486-4-NA	3588-99-NA	2273-198-NA	58226-3603-NA	961-61-NA	4994-158-NA	8430-49-NA	128948-15887-NA	58-3-NA	3139-77-NA	345-5-NA	584-6-NA	142-4-NA	0-0-NA	556-1-NA	147-1-NA	533-1-NA	527-18-NA	13-3-NA	77-1-NA	811-13-NA	2804-36-NA	72-0-NA	3662-61-NA	19-0-NA	227-0-NA	6-1-NA	227-7-NA	1890-79-NA	864-15-NA	73-1-NA	14-0-NA	214-2-NA	1021-70-NA	16-0-NA	9-0-NA	64-0-NA	11-1-NA	25-4-NA	17851-1766-NA	1039-1-NA	6-1-NA	184-10-NA	232-5-NA	555-18-NA	5687-71-NA	298-2-NA	3157-47-NA	1801-46-NA	1-0-NA	104-3-NA	2281-83-NA	3246-152-NA	4102-94-NA	11278-295-NA	1604-4-NA	3864-151-NA	5389-45-NA	104-0-NA	14-0-NA	7-0-NA	266-32-NA	2402-34-NA	222-2-NA	1908-51-NA	10-0-NA	1309-6-NA	485-1-NA	997-28-NA	7-0-NA	1655-11-NA	131646-12641-NA	176-5-NA	12-2-NA	10-1-NA	6830-401-NA	21100-715-NA	363-5-NA	22-1-NA	2169-23-NA	44-3-NA	104-7-NA	574-22-NA	27069-574-NA	52-0-NA	1308-37-NA	1799-10-NA	37-0-NA	35-1-NA	309-6-NA	103-0-NA	127-1-NA	6-0-NA	47806-4934-NA	400-5-NA	337072-9619-NA	342-2-NA	159-7-NA	241-0-NA	39-1-NA	9-1-NA	0-1-NA	14-0-NA	12-0-NA	10-0-NA	19-2-NA	1-0-NA	5-0-NA
2020-04-06	08:30:32	2020-04-06 08:30:32	349-7-NA	361-20-NA	1320-152-NA	501-18-NA	14-2-NA	15-0-NA	1451-44-NA	822-7-NA	96-2-NA	2580-16-NA	27-0-NA	907-4-NA	407-0-NA	82-2-NA	1135-8-NA	453-3-NA	12051-204-NA	584-7-NA	28-4-NA	700-4-NA	88-9-NA	56-1-NA	562-8-NA	19691-1447-NA	22-0-NA	5-0-NA	157-10-NA	654-23-NA	11130-486-NA	135-1-NA	531-20-NA	345-17-NA	7-1-NA	114-0-NA	650-9-NA	1181-20-NA	1203-38-NA	13-0-NA	203-2-NA	98-0-NA	217-1-NA	262-0-NA	4354-119-NA	22-0-NA	7944-75-NA	249-3-NA	8-0-NA	9-0-NA	4471-34-NA	990-6-NA	586-8-NA	579-6-NA	350-1-NA	138-2-NA	1524-8-NA	254-2-NA	146-2-NA	168-6-NA	327-6-NA	504-13-NA	1276-22-NA	890-4-NA	67803-3210-NA	1019-4-NA	117-1-NA	651-0-NA	937-1-NA	98-1-NA	142-2-NA	44-0-NA	75-0-NA	18-0-NA	256-3-NA	779-7-NA	531-6-NA	138-0-NA	558-3-NA	180-3-NA	1-0-NA	76-3-NA	184-2-NA	1263-1-NA	1485-35-NA	45-5-NA	154-18-NA	454-2-NA	261-3-NA	1182-15-NA	0-0-NA	320-8-NA	446-9-NA	4587-67-NA	181-0-NA	11-0-NA	4369-179-NA	59-0-NA	1745-82-NA	3646-180-NA	1173-78-NA	62-3-NA	16-0-NA	29-0-NA	1097-15-NA	9-0-NA	43-2-NA	12-0-NA	1927-28-NA	61-0-NA	41-0-NA	135-7-NA	147-2-NA	18-0-NA	344-0-NA	6-0-NA	32-2-NA	149-4-NA	92839-8078-NA	21-1-NA	4-1-NA	174-2-NA	100123-1584-NA	214-5-NA	1735-73-NA	61-2-NA	121-0-NA	24-4-NA	21-1-NA	7-0-NA	268-22-NA	733-34-NA	1486-4-NA	3588-99-NA	2273-198-NA	58226-3603-NA	961-61-NA	4994-158-NA	8430-49-NA	128948-15887-NA	58-3-NA	3139-77-NA	345-5-NA	584-6-NA	142-4-NA	0-0-NA	556-1-NA	147-1-NA	533-1-NA	527-18-NA	13-3-NA	77-1-NA	811-13-NA	2804-36-NA	72-0-NA	3662-61-NA	19-0-NA	227-0-NA	6-1-NA	227-7-NA	1890-79-NA	864-15-NA	73-1-NA	14-0-NA	214-2-NA	1021-70-NA	16-0-NA	9-0-NA	64-0-NA	11-1-NA	25-4-NA	17851-1766-NA	1039-1-NA	6-1-NA	184-10-NA	232-5-NA	555-18-NA	5687-71-NA	298-2-NA	3157-47-NA	1801-46-NA	1-0-NA	104-3-NA	2281-83-NA	3246-152-NA	4102-94-NA	11278-295-NA	1604-4-NA	3864-151-NA	5389-45-NA	104-0-NA	14-0-NA	7-0-NA	266-32-NA	2402-34-NA	222-2-NA	1908-51-NA	10-0-NA	1309-6-NA	485-1-NA	997-28-NA	7-0-NA	1655-11-NA	131646-12641-NA	176-5-NA	12-2-NA	10-1-NA	6830-401-NA	21100-715-NA	363-5-NA	22-1-NA	2169-23-NA	44-3-NA	104-7-NA	574-22-NA	27069-574-NA	52-0-NA	1308-37-NA	1799-10-NA	37-0-NA	35-1-NA	309-6-NA	103-0-NA	127-1-NA	6-0-NA	47806-4934-NA	400-5-NA	337072-9619-NA	342-2-NA	159-7-NA	241-0-NA	39-1-NA	9-1-NA	0-1-NA	14-0-NA	12-0-NA	10-0-NA	19-2-NA	1-0-NA	5-0-NA
2020-04-06	15:30:46	2020-04-06 15:30:46	349-7-NA	361-20-NA	1320-152-NA	501-18-NA	14-2-NA	15-0-NA	1451-44-NA	822-7-NA	96-2-NA	2580-16-NA	27-0-NA	907-4-NA	407-0-NA	82-2-NA	1135-8-NA	453-3-NA	12051-204-NA	584-7-NA	28-4-NA	700-4-NA	88-9-NA	56-1-NA	562-8-NA	19691-1447-NA	22-0-NA	5-0-NA	157-10-NA	654-23-NA	11130-486-NA	135-1-NA	531-20-NA	345-17-NA	7-1-NA	114-0-NA	650-9-NA	1181-20-NA	1203-38-NA	13-0-NA	203-2-NA	98-0-NA	217-1-NA	262-0-NA	4354-119-NA	22-0-NA	7944-75-NA	249-3-NA	8-0-NA	9-0-NA	4471-34-NA	990-6-NA	586-8-NA	579-6-NA	350-1-NA	138-2-NA	1524-8-NA	254-2-NA	146-2-NA	168-6-NA	327-6-NA	504-13-NA	1276-22-NA	890-4-NA	67803-3210-NA	1019-4-NA	117-1-NA	651-0-NA	937-1-NA	98-1-NA	142-2-NA	44-0-NA	75-0-NA	18-0-NA	256-3-NA	779-7-NA	531-6-NA	138-0-NA	558-3-NA	180-3-NA	1-0-NA	76-3-NA	184-2-NA	1263-1-NA	1485-35-NA	45-5-NA	154-18-NA	454-2-NA	261-3-NA	1182-15-NA	0-0-NA	320-8-NA	446-9-NA	4587-67-NA	181-0-NA	11-0-NA	4369-179-NA	59-0-NA	1745-82-NA	3646-180-NA	1173-78-NA	62-3-NA	16-0-NA	29-0-NA	1097-15-NA	9-0-NA	43-2-NA	12-0-NA	1927-28-NA	61-0-NA	41-0-NA	135-7-NA	147-2-NA	18-0-NA	344-0-NA	6-0-NA	32-2-NA	149-4-NA	92839-8078-NA	21-1-NA	4-1-NA	174-2-NA	100123-1584-NA	214-5-NA	1735-73-NA	61-2-NA	121-0-NA	24-4-NA	21-1-NA	7-0-NA	268-22-NA	733-34-NA	1486-4-NA	3588-99-NA	2273-198-NA	58226-3603-NA	961-61-NA	4994-158-NA	8430-49-NA	128948-15887-NA	58-3-NA	3139-77-NA	345-5-NA	584-6-NA	142-4-NA	0-0-NA	556-1-NA	147-1-NA	533-1-NA	527-18-NA	13-3-NA	77-1-NA	811-13-NA	2804-36-NA	72-0-NA	3662-61-NA	19-0-NA	227-0-NA	6-1-NA	227-7-NA	1890-79-NA	864-15-NA	73-1-NA	14-0-NA	214-2-NA	1021-70-NA	16-0-NA	9-0-NA	64-0-NA	11-1-NA	25-4-NA	17851-1766-NA	1039-1-NA	6-1-NA	184-10-NA	232-5-NA	555-18-NA	5687-71-NA	298-2-NA	3157-47-NA	1801-46-NA	1-0-NA	104-3-NA	2281-83-NA	3246-152-NA	4102-94-NA	11278-295-NA	1604-4-NA	3864-151-NA	5389-45-NA	104-0-NA	14-0-NA	7-0-NA	266-32-NA	2402-34-NA	222-2-NA	1908-51-NA	10-0-NA	1309-6-NA	485-1-NA	997-28-NA	7-0-NA	1655-11-NA	131646-12641-NA	176-5-NA	12-2-NA	10-1-NA	6830-401-NA	21100-715-NA	363-5-NA	22-1-NA	2169-23-NA	44-3-NA	104-7-NA	574-22-NA	27069-574-NA	52-0-NA	1308-37-NA	1799-10-NA	37-0-NA	35-1-NA	309-6-NA	103-0-NA	127-1-NA	6-0-NA	47806-4934-NA	400-5-NA	337072-9619-NA	342-2-NA	159-7-NA	241-0-NA	39-1-NA	9-1-NA	0-1-NA	14-0-NA	12-0-NA	10-0-NA	19-2-NA	1-0-NA	5-0-NA
2020-04-06	23:30:33	2020-04-06 23:30:33	367-11-NA	377-21-NA	1423-173-NA	525-21-NA	16-2-NA	15-0-NA	1554-48-NA	833-8-NA	96-2-NA	2637-18-NA	28-0-NA	921-4-NA	411-0-NA	86-2-NA	1158-10-NA	460-4-NA	12297-220-NA	641-7-NA	29-5-NA	756-4-NA	123-12-NA	60-2-NA	700-13-NA	20814-1632-NA	26-1-NA	5-0-NA	183-11-NA	674-29-NA	12161-564-NA	135-1-NA	549-22-NA	364-18-NA	7-1-NA	114-0-NA	658-9-NA	1250-23-NA	1266-38-NA	13-0-NA	203-2-NA	103-0-NA	226-1-NA	293-0-NA	4347-150-NA	22-0-NA	8580-121-NA	249-3-NA	8-0-NA	9-0-NA	4815-37-NA	990-6-NA	587-8-NA	579-6-NA	350-1-NA	139-2-NA	1532-8-NA	254-2-NA	146-2-NA	168-6-NA	327-6-NA	524-13-NA	1276-22-NA	914-4-NA	67803-3212-NA	1019-4-NA	118-1-NA	651-0-NA	937-1-NA	98-1-NA	142-2-NA	44-0-NA	75-0-NA	18-0-NA	256-3-NA	780-7-NA	536-6-NA	138-0-NA	559-3-NA	180-3-NA	1-0-NA	76-3-NA	184-2-NA	1264-1-NA	1579-46-NA	45-5-NA	161-18-NA	467-2-NA	323-3-NA	1222-16-NA	0-0-NA	350-9-NA	465-9-NA	4822-78-NA	183-0-NA	11-0-NA	4681-187-NA	90-0-NA	1828-86-NA	3747-191-NA	1322-85-NA	69-4-NA	16-0-NA	31-0-NA	1108-19-NA	10-0-NA	44-2-NA	14-0-NA	2176-27-NA	72-0-NA	42-0-NA	135-7-NA	147-2-NA	18-0-NA	349-0-NA	6-0-NA	32-2-NA	151-4-NA	98010-8911-NA	24-1-NA	4-1-NA	188-2-NA	103374-1810-NA	214-5-NA	1755-79-NA	70-3-NA	128-0-NA	31-4-NA	24-1-NA	7-0-NA	298-22-NA	744-38-NA	1562-6-NA	4778-136-NA	2491-209-NA	60500-3739-NA	1031-64-NA	5364-174-NA	8904-57-NA	132547-16523-NA	58-3-NA	3654-85-NA	349-6-NA	662-6-NA	158-6-NA	0-0-NA	665-1-NA	216-4-NA	542-1-NA	541-19-NA	14-3-NA	77-1-NA	843-15-NA	2843-41-NA	82-0-NA	3793-62-NA	19-0-NA	241-0-NA	6-1-NA	244-7-NA	2143-94-NA	965-19-NA	77-1-NA	15-0-NA	233-2-NA	1120-80-NA	16-0-NA	9-0-NA	71-0-NA	13-1-NA	37-6-NA	18803-1867-NA	1106-1-NA	6-1-NA	253-10-NA	238-5-NA	570-23-NA	5865-76-NA	331-2-NA	3766-53-NA	1988-54-NA	2-0-NA	113-5-NA	2561-92-NA	3660-163-NA	4413-107-NA	11730-311-NA	1832-4-NA	4057-176-NA	6343-47-NA	105-0-NA	14-0-NA	7-0-NA	266-32-NA	2605-38-NA	226-2-NA	2200-58-NA	11-0-NA	1375-6-NA	534-2-NA	1021-30-NA	7-0-NA	1686-12-NA	136675-13341-NA	178-5-NA	12-2-NA	10-1-NA	7206-477-NA	21657-765-NA	373-5-NA	24-1-NA	2220-26-NA	58-3-NA	105-8-NA	596-22-NA	30217-649-NA	52-0-NA	1319-38-NA	2076-11-NA	39-2-NA	39-1-NA	323-7-NA	109-0-NA	139-1-NA	6-0-NA	51608-5373-NA	406-6-NA	366614-10783-NA	457-2-NA	165-7-NA	245-0-NA	39-1-NA	10-1-NA	0-1-NA	15-0-NA	12-0-NA	10-0-NA	19-2-NA	1-0-NA	7-1-NA
2020-04-07	08:30:32	2020-04-07 08:30:32	367-11-NA	377-21-NA	1423-173-NA	525-21-NA	16-2-NA	15-0-NA	1554-48-NA	833-8-NA	96-2-NA	2637-18-NA	28-0-NA	921-4-NA	411-0-NA	86-2-NA	1158-10-NA	460-4-NA	12297-220-NA	641-7-NA	29-5-NA	756-4-NA	123-12-NA	60-2-NA	700-13-NA	20814-1632-NA	26-1-NA	5-0-NA	183-11-NA	674-29-NA	12161-564-NA	135-1-NA	549-22-NA	364-18-NA	7-1-NA	114-0-NA	658-9-NA	1250-23-NA	1266-38-NA	13-0-NA	203-2-NA	103-0-NA	226-1-NA	293-0-NA	4347-150-NA	22-0-NA	8580-121-NA	249-3-NA	8-0-NA	9-0-NA	4815-37-NA	990-6-NA	587-8-NA	579-6-NA	350-1-NA	139-2-NA	1532-8-NA	254-2-NA	146-2-NA	168-6-NA	327-6-NA	524-13-NA	1276-22-NA	914-4-NA	67803-3212-NA	1019-4-NA	118-1-NA	651-0-NA	937-1-NA	98-1-NA	142-2-NA	44-0-NA	75-0-NA	18-0-NA	256-3-NA	780-7-NA	536-6-NA	138-0-NA	559-3-NA	180-3-NA	1-0-NA	76-3-NA	184-2-NA	1264-1-NA	1579-46-NA	45-5-NA	161-18-NA	467-2-NA	323-3-NA	1222-16-NA	0-0-NA	350-9-NA	465-9-NA	4822-78-NA	183-0-NA	11-0-NA	4681-187-NA	90-0-NA	1828-86-NA	3747-191-NA	1322-85-NA	69-4-NA	16-0-NA	31-0-NA	1108-19-NA	10-0-NA	44-2-NA	14-0-NA	2176-27-NA	72-0-NA	42-0-NA	135-7-NA	147-2-NA	18-0-NA	349-0-NA	6-0-NA	32-2-NA	151-4-NA	98010-8911-NA	24-1-NA	4-1-NA	188-2-NA	103374-1810-NA	214-5-NA	1755-79-NA	70-3-NA	128-0-NA	31-4-NA	24-1-NA	7-0-NA	298-22-NA	744-38-NA	1562-6-NA	4778-136-NA	2491-209-NA	60500-3739-NA	1031-64-NA	5364-174-NA	8904-57-NA	132547-16523-NA	58-3-NA	3654-85-NA	349-6-NA	662-6-NA	158-6-NA	0-0-NA	665-1-NA	216-4-NA	542-1-NA	541-19-NA	14-3-NA	77-1-NA	843-15-NA	2843-41-NA	82-0-NA	3793-62-NA	19-0-NA	241-0-NA	6-1-NA	244-7-NA	2143-94-NA	965-19-NA	77-1-NA	15-0-NA	233-2-NA	1120-80-NA	16-0-NA	9-0-NA	71-0-NA	13-1-NA	37-6-NA	18803-1867-NA	1106-1-NA	6-1-NA	253-10-NA	238-5-NA	570-23-NA	5865-76-NA	331-2-NA	3766-53-NA	1988-54-NA	2-0-NA	113-5-NA	2561-92-NA	3660-163-NA	4413-107-NA	11730-311-NA	1832-4-NA	4057-176-NA	6343-47-NA	105-0-NA	14-0-NA	7-0-NA	266-32-NA	2605-38-NA	226-2-NA	2200-58-NA	11-0-NA	1375-6-NA	534-2-NA	1021-30-NA	7-0-NA	1686-12-NA	136675-13341-NA	178-5-NA	12-2-NA	10-1-NA	7206-477-NA	21657-765-NA	373-5-NA	24-1-NA	2220-26-NA	58-3-NA	105-8-NA	596-22-NA	30217-649-NA	52-0-NA	1319-38-NA	2076-11-NA	39-2-NA	39-1-NA	323-7-NA	109-0-NA	139-1-NA	6-0-NA	51608-5373-NA	406-6-NA	366614-10783-NA	457-2-NA	165-7-NA	245-0-NA	39-1-NA	10-1-NA	0-1-NA	15-0-NA	12-0-NA	10-0-NA	19-2-NA	1-0-NA	7-1-NA
2020-04-07	15:30:34	2020-04-07 15:30:34	367-11-NA	377-21-NA	1423-173-NA	525-21-NA	16-2-NA	15-0-NA	1554-48-NA	833-8-NA	96-2-NA	2637-18-NA	28-0-NA	921-4-NA	411-0-NA	86-2-NA	1158-10-NA	460-4-NA	12297-220-NA	641-7-NA	29-5-NA	756-4-NA	123-12-NA	60-2-NA	700-13-NA	20814-1632-NA	26-1-NA	5-0-NA	183-11-NA	674-29-NA	12161-564-NA	135-1-NA	549-22-NA	364-18-NA	7-1-NA	114-0-NA	658-9-NA	1250-23-NA	1266-38-NA	13-0-NA	203-2-NA	103-0-NA	226-1-NA	293-0-NA	4347-150-NA	22-0-NA	8580-121-NA	249-3-NA	8-0-NA	9-0-NA	4815-37-NA	990-6-NA	587-8-NA	579-6-NA	350-1-NA	139-2-NA	1532-8-NA	254-2-NA	146-2-NA	168-6-NA	327-6-NA	524-13-NA	1276-22-NA	914-4-NA	67803-3212-NA	1019-4-NA	118-1-NA	651-0-NA	937-1-NA	98-1-NA	142-2-NA	44-0-NA	75-0-NA	18-0-NA	256-3-NA	780-7-NA	536-6-NA	138-0-NA	559-3-NA	180-3-NA	1-0-NA	76-3-NA	184-2-NA	1264-1-NA	1579-46-NA	45-5-NA	161-18-NA	467-2-NA	323-3-NA	1222-16-NA	0-0-NA	350-9-NA	465-9-NA	4822-78-NA	183-0-NA	11-0-NA	4681-187-NA	90-0-NA	1828-86-NA	3747-191-NA	1322-85-NA	69-4-NA	16-0-NA	31-0-NA	1108-19-NA	10-0-NA	44-2-NA	14-0-NA	2176-27-NA	72-0-NA	42-0-NA	135-7-NA	147-2-NA	18-0-NA	349-0-NA	6-0-NA	32-2-NA	151-4-NA	98010-8911-NA	24-1-NA	4-1-NA	188-2-NA	103374-1810-NA	214-5-NA	1755-79-NA	70-3-NA	128-0-NA	31-4-NA	24-1-NA	7-0-NA	298-22-NA	744-38-NA	1562-6-NA	4778-136-NA	2491-209-NA	60500-3739-NA	1031-64-NA	5364-174-NA	8904-57-NA	132547-16523-NA	58-3-NA	3654-85-NA	349-6-NA	662-6-NA	158-6-NA	0-0-NA	665-1-NA	216-4-NA	542-1-NA	541-19-NA	14-3-NA	77-1-NA	843-15-NA	2843-41-NA	82-0-NA	3793-62-NA	19-0-NA	241-0-NA	6-1-NA	244-7-NA	2143-94-NA	965-19-NA	77-1-NA	15-0-NA	233-2-NA	1120-80-NA	16-0-NA	9-0-NA	71-0-NA	13-1-NA	37-6-NA	18803-1867-NA	1106-1-NA	6-1-NA	253-10-NA	238-5-NA	570-23-NA	5865-76-NA	331-2-NA	3766-53-NA	1988-54-NA	2-0-NA	113-5-NA	2561-92-NA	3660-163-NA	4413-107-NA	11730-311-NA	1832-4-NA	4057-176-NA	6343-47-NA	105-0-NA	14-0-NA	7-0-NA	266-32-NA	2605-38-NA	226-2-NA	2200-58-NA	11-0-NA	1375-6-NA	534-2-NA	1021-30-NA	7-0-NA	1686-12-NA	136675-13341-NA	178-5-NA	12-2-NA	10-1-NA	7206-477-NA	21657-765-NA	373-5-NA	24-1-NA	2220-26-NA	58-3-NA	105-8-NA	596-22-NA	30217-649-NA	52-0-NA	1319-38-NA	2076-11-NA	39-2-NA	39-1-NA	323-7-NA	109-0-NA	139-1-NA	6-0-NA	51608-5373-NA	406-6-NA	366614-10783-NA	457-2-NA	165-7-NA	245-0-NA	39-1-NA	10-1-NA	0-1-NA	15-0-NA	12-0-NA	10-0-NA	19-2-NA	1-0-NA	7-1-NA
2020-04-07	23:30:34	2020-04-07 23:30:34	423-14-NA	383-22-NA	1468-193-NA	545-22-NA	17-2-NA	19-1-NA	1628-56-NA	853-8-NA	96-2-NA	2686-21-NA	28-0-NA	934-4-NA	411-1-NA	89-2-NA	1191-11-NA	460-4-NA	12639-243-NA	717-8-NA	33-6-NA	811-5-NA	164-17-NA	63-3-NA	861-13-NA	22194-2035-NA	26-1-NA	5-0-NA	194-14-NA	764-33-NA	14034-686-NA	135-1-NA	577-23-NA	384-19-NA	7-1-NA	115-0-NA	658-9-NA	1373-24-NA	1266-39-NA	13-0-NA	217-3-NA	105-0-NA	228-1-NA	310-1-NA	4726-153-NA	22-0-NA	9340-150-NA	260-3-NA	8-0-NA	10-0-NA	5116-43-NA	990-6-NA	587-8-NA	579-6-NA	351-1-NA	139-2-NA	1533-8-NA	254-2-NA	146-2-NA	168-6-NA	327-6-NA	544-13-NA	1276-22-NA	935-4-NA	67803-3212-NA	1019-4-NA	121-1-NA	651-0-NA	937-1-NA	98-1-NA	144-2-NA	44-0-NA	75-0-NA	18-0-NA	256-3-NA	781-7-NA	538-6-NA	138-0-NA	560-3-NA	180-3-NA	1-0-NA	76-3-NA	184-2-NA	1265-1-NA	1780-50-NA	45-5-NA	180-18-NA	483-2-NA	349-3-NA	1282-18-NA	0-0-NA	396-11-NA	494-9-NA	5017-88-NA	184-0-NA	11-0-NA	5071-203-NA	90-0-NA	1956-98-NA	3747-191-NA	1450-94-NA	78-4-NA	16-0-NA	31-0-NA	1149-21-NA	10-0-NA	52-2-NA	15-0-NA	2308-34-NA	72-0-NA	47-0-NA	139-7-NA	171-2-NA	18-0-NA	358-0-NA	6-0-NA	32-2-NA	152-4-NA	109069-10328-NA	30-1-NA	4-1-NA	196-3-NA	107663-2016-NA	287-5-NA	1832-81-NA	77-3-NA	144-0-NA	33-5-NA	25-1-NA	7-0-NA	305-22-NA	817-47-NA	1586-6-NA	5311-150-NA	2738-221-NA	62589-3872-NA	1122-65-NA	5709-210-NA	9248-65-NA	135586-17127-NA	63-3-NA	3906-92-NA	353-6-NA	697-6-NA	172-6-NA	0-0-NA	743-1-NA	228-4-NA	548-2-NA	548-19-NA	14-3-NA	78-1-NA	880-15-NA	2970-44-NA	88-0-NA	3963-63-NA	19-0-NA	293-0-NA	6-1-NA	268-7-NA	2439-125-NA	1056-22-NA	79-1-NA	15-0-NA	241-2-NA	1184-90-NA	16-0-NA	9-0-NA	74-0-NA	13-1-NA	40-6-NA	19580-2101-NA	1160-1-NA	6-1-NA	278-11-NA	254-6-NA	599-26-NA	6086-89-NA	371-2-NA	4035-57-NA	2100-55-NA	2-0-NA	115-5-NA	2954-107-NA	3764-177-NA	4848-129-NA	12442-345-NA	2057-6-NA	4417-197-NA	7497-58-NA	105-0-NA	14-0-NA	8-0-NA	279-34-NA	2795-41-NA	237-2-NA	2447-61-NA	11-0-NA	1481-6-NA	581-2-NA	1059-36-NA	8-0-NA	1749-13-NA	141942-14045-NA	185-6-NA	14-2-NA	10-1-NA	7693-591-NA	22253-821-NA	376-5-NA	24-1-NA	2258-27-NA	65-3-NA	107-8-NA	623-23-NA	34109-725-NA	52-0-NA	1462-45-NA	2359-12-NA	39-2-NA	45-1-NA	335-7-NA	113-0-NA	150-1-NA	9-0-NA	55242-6159-NA	424-7-NA	396223-12722-NA	520-2-NA	165-7-NA	249-0-NA	39-1-NA	11-2-NA	0-1-NA	15-0-NA	12-0-NA	10-0-NA	19-2-NA	1-0-NA	7-1-NA
2020-04-08	08:30:33	2020-04-08 08:30:33	423-14-NA	383-22-NA	1468-193-NA	545-22-NA	17-2-NA	19-1-NA	1628-56-NA	853-8-NA	96-2-NA	2686-21-NA	28-0-NA	934-4-NA	411-1-NA	89-2-NA	1191-11-NA	460-4-NA	12639-243-NA	717-8-NA	33-6-NA	811-5-NA	164-17-NA	63-3-NA	861-13-NA	22194-2035-NA	26-1-NA	5-0-NA	194-14-NA	764-33-NA	14034-686-NA	135-1-NA	577-23-NA	384-19-NA	7-1-NA	115-0-NA	658-9-NA	1373-24-NA	1266-39-NA	13-0-NA	217-3-NA	105-0-NA	228-1-NA	310-1-NA	4726-153-NA	22-0-NA	9340-150-NA	260-3-NA	8-0-NA	10-0-NA	5116-43-NA	990-6-NA	587-8-NA	579-6-NA	351-1-NA	139-2-NA	1533-8-NA	254-2-NA	146-2-NA	168-6-NA	327-6-NA	544-13-NA	1276-22-NA	935-4-NA	67803-3212-NA	1019-4-NA	121-1-NA	651-0-NA	937-1-NA	98-1-NA	144-2-NA	44-0-NA	75-0-NA	18-0-NA	256-3-NA	781-7-NA	538-6-NA	138-0-NA	560-3-NA	180-3-NA	1-0-NA	76-3-NA	184-2-NA	1265-1-NA	1780-50-NA	45-5-NA	180-18-NA	483-2-NA	349-3-NA	1282-18-NA	0-0-NA	396-11-NA	494-9-NA	5017-88-NA	184-0-NA	11-0-NA	5071-203-NA	90-0-NA	1956-98-NA	3747-191-NA	1450-94-NA	78-4-NA	16-0-NA	31-0-NA	1149-21-NA	10-0-NA	52-2-NA	15-0-NA	2308-34-NA	72-0-NA	47-0-NA	139-7-NA	171-2-NA	18-0-NA	358-0-NA	6-0-NA	32-2-NA	152-4-NA	109069-10328-NA	30-1-NA	4-1-NA	196-3-NA	107663-2016-NA	287-5-NA	1832-81-NA	77-3-NA	144-0-NA	33-5-NA	25-1-NA	7-0-NA	305-22-NA	817-47-NA	1586-6-NA	5311-150-NA	2738-221-NA	62589-3872-NA	1122-65-NA	5709-210-NA	9248-65-NA	135586-17127-NA	63-3-NA	3906-92-NA	353-6-NA	697-6-NA	172-6-NA	0-0-NA	743-1-NA	228-4-NA	548-2-NA	548-19-NA	14-3-NA	78-1-NA	880-15-NA	2970-44-NA	88-0-NA	3963-63-NA	19-0-NA	293-0-NA	6-1-NA	268-7-NA	2439-125-NA	1056-22-NA	79-1-NA	15-0-NA	241-2-NA	1184-90-NA	16-0-NA	9-0-NA	74-0-NA	13-1-NA	40-6-NA	19580-2101-NA	1160-1-NA	6-1-NA	278-11-NA	254-6-NA	599-26-NA	6086-89-NA	371-2-NA	4035-57-NA	2100-55-NA	2-0-NA	115-5-NA	2954-107-NA	3764-177-NA	4848-129-NA	12442-345-NA	2057-6-NA	4417-197-NA	7497-58-NA	105-0-NA	14-0-NA	8-0-NA	279-34-NA	2795-41-NA	237-2-NA	2447-61-NA	11-0-NA	1481-6-NA	581-2-NA	1059-36-NA	8-0-NA	1749-13-NA	141942-14045-NA	185-6-NA	14-2-NA	10-1-NA	7693-591-NA	22253-821-NA	376-5-NA	24-1-NA	2258-27-NA	65-3-NA	107-8-NA	623-23-NA	34109-725-NA	52-0-NA	1462-45-NA	2359-12-NA	39-2-NA	45-1-NA	335-7-NA	113-0-NA	150-1-NA	9-0-NA	55242-6159-NA	424-7-NA	396223-12722-NA	520-2-NA	165-7-NA	249-0-NA	39-1-NA	11-2-NA	0-1-NA	15-0-NA	12-0-NA	10-0-NA	19-2-NA	1-0-NA	7-1-NA
2020-04-08	15:30:44	2020-04-08 15:30:44	423-14-NA	383-22-NA	1468-193-NA	545-22-NA	17-2-NA	19-1-NA	1628-56-NA	853-8-NA	96-2-NA	2686-21-NA	28-0-NA	934-4-NA	411-1-NA	89-2-NA	1191-11-NA	460-4-NA	12639-243-NA	717-8-NA	33-6-NA	811-5-NA	164-17-NA	63-3-NA	861-13-NA	22194-2035-NA	26-1-NA	5-0-NA	194-14-NA	764-33-NA	14034-686-NA	135-1-NA	577-23-NA	384-19-NA	7-1-NA	115-0-NA	658-9-NA	1373-24-NA	1266-39-NA	13-0-NA	217-3-NA	105-0-NA	228-1-NA	310-1-NA	4726-153-NA	22-0-NA	9340-150-NA	260-3-NA	8-0-NA	10-0-NA	5116-43-NA	990-6-NA	587-8-NA	579-6-NA	351-1-NA	139-2-NA	1533-8-NA	254-2-NA	146-2-NA	168-6-NA	327-6-NA	544-13-NA	1276-22-NA	935-4-NA	67803-3212-NA	1019-4-NA	121-1-NA	651-0-NA	937-1-NA	98-1-NA	144-2-NA	44-0-NA	75-0-NA	18-0-NA	256-3-NA	781-7-NA	538-6-NA	138-0-NA	560-3-NA	180-3-NA	1-0-NA	76-3-NA	184-2-NA	1265-1-NA	1780-50-NA	45-5-NA	180-18-NA	483-2-NA	349-3-NA	1282-18-NA	0-0-NA	396-11-NA	494-9-NA	5017-88-NA	184-0-NA	11-0-NA	5071-203-NA	90-0-NA	1956-98-NA	3747-191-NA	1450-94-NA	78-4-NA	16-0-NA	31-0-NA	1149-21-NA	10-0-NA	52-2-NA	15-0-NA	2308-34-NA	72-0-NA	47-0-NA	139-7-NA	171-2-NA	18-0-NA	358-0-NA	6-0-NA	32-2-NA	152-4-NA	109069-10328-NA	30-1-NA	4-1-NA	196-3-NA	107663-2016-NA	287-5-NA	1832-81-NA	77-3-NA	144-0-NA	33-5-NA	25-1-NA	7-0-NA	305-22-NA	817-47-NA	1586-6-NA	5311-150-NA	2738-221-NA	62589-3872-NA	1122-65-NA	5709-210-NA	9248-65-NA	135586-17127-NA	63-3-NA	3906-92-NA	353-6-NA	697-6-NA	172-6-NA	0-0-NA	743-1-NA	228-4-NA	548-2-NA	548-19-NA	14-3-NA	78-1-NA	880-15-NA	2970-44-NA	88-0-NA	3963-63-NA	19-0-NA	293-0-NA	6-1-NA	268-7-NA	2439-125-NA	1056-22-NA	79-1-NA	15-0-NA	241-2-NA	1184-90-NA	16-0-NA	9-0-NA	74-0-NA	13-1-NA	40-6-NA	19580-2101-NA	1160-1-NA	6-1-NA	278-11-NA	254-6-NA	599-26-NA	6086-89-NA	371-2-NA	4035-57-NA	2100-55-NA	2-0-NA	115-5-NA	2954-107-NA	3764-177-NA	4848-129-NA	12442-345-NA	2057-6-NA	4417-197-NA	7497-58-NA	105-0-NA	14-0-NA	8-0-NA	279-34-NA	2795-41-NA	237-2-NA	2447-61-NA	11-0-NA	1481-6-NA	581-2-NA	1059-36-NA	8-0-NA	1749-13-NA	141942-14045-NA	185-6-NA	14-2-NA	10-1-NA	7693-591-NA	22253-821-NA	376-5-NA	24-1-NA	2258-27-NA	65-3-NA	107-8-NA	623-23-NA	34109-725-NA	52-0-NA	1462-45-NA	2359-12-NA	39-2-NA	45-1-NA	335-7-NA	113-0-NA	150-1-NA	9-0-NA	55242-6159-NA	424-7-NA	396223-12722-NA	520-2-NA	165-7-NA	249-0-NA	39-1-NA	11-2-NA	0-1-NA	15-0-NA	12-0-NA	10-0-NA	19-2-NA	1-0-NA	7-1-NA